content_id,content_type,genre,language,is_platform_original,total_sessions,unique_viewers,total_consumed_minutes,average_session_seconds,completed_sessions,skipped_sessions,completion_rate_percent
C000001,VIDEO,Sports Stories,Telugu,False,98,98,2299.17,1407.65,33,27,33.67
C000002,MUSIC,Jazz,Telugu,False,89,89,174.67,117.75,26,21,29.21
C000003,MUSIC,Devotional,Hindi,False,75,75,201.02,160.81,30,11,40.00
C000004,MUSIC,Indie Pop,Kannada,True,82,81,126.97,92.9,23,24,28.05
C000005,PODCAST,Careers,Spanish,False,88,87,4383.18,2988.53,33,13,37.50
C000006,VIDEO,Documentary,Hindi,False,76,76,4837.57,3819.13,24,19,31.58
C000007,VIDEO,Comedy,Hindi,False,80,80,2597.25,1947.94,34,13,42.50
C000008,VIDEO,Sports Stories,English,True,101,101,2549.98,1514.84,46,20,45.54
C000009,VIDEO,Drama,Telugu,False,80,80,4426.12,3319.59,25,18,31.25
C000010,VIDEO,Comedy,Spanish,False,100,100,2635.00,1581.0,39,17,39.00
C000011,MUSIC,Devotional,Kannada,False,72,72,168.23,140.19,32,19,44.44
C000012,VIDEO,Documentary,English,True,108,108,7154.48,3974.71,44,24,40.74
C000013,PODCAST,Wellbeing,Hindi,False,83,83,2795.97,2021.18,36,17,43.37
C000014,VIDEO,Comedy,Bengali,True,90,90,4959.70,3306.47,30,23,33.33
C000015,VIDEO,Learning,Hindi,False,94,94,6291.50,4015.85,38,20,40.43
C000016,MUSIC,Devotional,English,False,76,76,199.60,157.58,32,12,42.11
C000017,VIDEO,Learning,English,False,89,89,1356.65,914.6,35,13,39.33
C000018,VIDEO,Sports Stories,Tamil,False,80,80,1266.67,950.0,27,15,33.75
C000019,PODCAST,History,English,False,84,84,4671.90,3337.07,35,13,41.67
C000020,VIDEO,Drama,English,True,89,89,2798.33,1886.52,29,23,32.58
C000021,VIDEO,Sports Stories,Hindi,True,100,100,4357.78,2614.67,38,19,38.00
C000022,VIDEO,Learning,English,False,76,76,1793.73,1416.11,35,12,46.05
C000023,VIDEO,Animation,Kannada,False,89,89,4604.17,3103.93,35,18,39.33
C000024,MUSIC,Indie Pop,Hindi,False,79,78,101.32,76.95,29,11,36.71
C000025,MUSIC,Jazz,Korean,False,86,86,262.67,183.26,34,20,39.53
C000026,VIDEO,Documentary,English,False,87,87,5319.35,3668.52,30,18,34.48
C000027,VIDEO,Learning,English,False,83,83,2493.30,1802.39,29,11,34.94
C000028,VIDEO,Documentary,Telugu,False,77,77,2806.52,2186.9,25,20,32.47
C000029,MUSIC,Electronic,Hindi,False,92,91,173.95,113.45,27,17,29.35
C000030,MUSIC,Jazz,Tamil,True,78,78,284.70,219.0,32,11,41.03
C000031,MUSIC,Indie Pop,Hindi,False,82,82,342.90,250.9,29,19,35.37
C000032,VIDEO,Documentary,English,True,87,86,3027.33,2087.82,32,11,36.78
C000033,MUSIC,Jazz,English,False,86,86,327.63,228.58,33,14,38.37
C000034,MUSIC,Classical,English,True,81,81,276.22,204.6,27,8,33.33
C000035,MUSIC,Classical,English,False,86,84,328.63,229.28,36,18,41.86
C000036,VIDEO,Drama,English,False,70,70,2100.67,1800.57,27,15,38.57
C000037,MUSIC,Instrumental,English,False,73,73,97.53,80.16,34,14,46.58
C000038,PODCAST,Wellbeing,Korean,True,94,94,1435.00,915.96,39,21,41.49
C000039,PODCAST,Science,English,True,82,81,1495.83,1094.51,27,18,32.93
C000040,VIDEO,Comedy,Spanish,False,82,82,3789.58,2772.87,30,12,36.59
C000041,VIDEO,Learning,English,False,99,99,1853.83,1123.54,33,25,33.33
C000042,VIDEO,Thriller,Korean,False,82,82,2531.50,1852.32,32,16,39.02
C000043,MUSIC,Classical,Hindi,False,102,102,194.80,114.59,47,12,46.08
C000044,PODCAST,History,Telugu,False,77,77,1957.63,1525.43,25,14,32.47
C000045,VIDEO,Documentary,English,True,87,87,1676.20,1156.0,33,17,37.93
C000046,PODCAST,History,Hindi,False,96,96,1890.58,1181.61,25,23,26.04
C000047,MUSIC,Devotional,Hindi,False,87,87,177.27,122.25,35,21,40.23
C000048,VIDEO,Comedy,Bengali,False,103,103,5228.37,3045.65,47,18,45.63
C000049,VIDEO,Comedy,English,False,78,78,4473.78,3441.37,25,12,32.05
C000050,VIDEO,Learning,Tamil,False,85,85,3584.70,2530.38,31,15,36.47
C000051,VIDEO,Drama,Telugu,True,81,81,1399.17,1036.42,34,14,41.98
C000052,MUSIC,Devotional,English,False,87,87,300.20,207.03,40,15,45.98
C000053,VIDEO,Learning,English,False,83,83,4193.30,3031.3,30,15,36.14
C000054,VIDEO,Drama,Telugu,True,84,84,6565.53,4689.67,36,16,42.86
C000055,VIDEO,Drama,Spanish,False,90,90,6095.82,4063.88,32,13,35.56
C000056,MUSIC,Instrumental,English,False,82,82,280.07,204.93,26,16,31.71
C000057,MUSIC,Classical,Hindi,True,91,90,136.57,90.04,35,19,38.46
C000058,VIDEO,Learning,Spanish,False,94,94,5180.93,3306.98,39,21,41.49
C000059,PODCAST,Culture,Hindi,True,78,78,2849.18,2191.68,30,9,38.46
C000060,PODCAST,Careers,Kannada,True,87,87,544.17,375.29,32,20,36.78
C000061,VIDEO,Thriller,Tamil,False,88,88,3007.52,2050.58,39,14,44.32
C000062,VIDEO,Drama,Tamil,True,93,93,6991.42,4510.59,44,18,47.31
C000063,MUSIC,Folk Fusion,Kannada,False,86,86,354.28,247.17,27,14,31.40
C000064,MUSIC,Jazz,Spanish,False,96,95,398.45,249.03,39,19,40.63
C000065,MUSIC,Electronic,Telugu,False,99,98,197.98,119.99,36,18,36.36
C000066,VIDEO,Animation,Telugu,False,83,83,5103.80,3689.49,28,12,33.73
C000067,VIDEO,Thriller,Hindi,False,103,103,6402.63,3729.69,31,20,30.10
C000068,VIDEO,Comedy,Telugu,True,78,78,5280.45,4061.88,34,13,43.59
C000069,VIDEO,Comedy,English,True,72,72,2419.70,2016.42,24,12,33.33
C000070,MUSIC,Electronic,Kannada,True,81,81,124.87,92.49,37,14,45.68
C000071,VIDEO,Sports Stories,Telugu,False,101,101,3279.12,1947.99,45,13,44.55
C000072,MUSIC,Indie Pop,English,False,83,83,101.78,73.58,31,15,37.35
C000073,MUSIC,Folk Fusion,English,False,90,90,294.45,196.3,39,9,43.33
C000074,PODCAST,History,Spanish,False,86,85,1050.82,733.13,22,20,25.58
C000075,MUSIC,Folk Fusion,Spanish,False,88,87,178.10,121.43,34,22,38.64
C000076,MUSIC,Classical,English,False,96,96,413.50,258.44,43,13,44.79
C000077,MUSIC,Classical,Telugu,False,90,89,226.32,150.88,29,20,32.22
C000078,MUSIC,Instrumental,English,False,90,90,377.90,251.93,43,14,47.78
C000079,MUSIC,Folk Fusion,English,False,93,93,294.87,190.24,40,11,43.01
C000080,MUSIC,Jazz,Korean,True,88,87,212.08,144.6,27,13,30.68
C000081,MUSIC,Electronic,Hindi,False,89,89,299.97,202.22,23,18,25.84
C000082,VIDEO,Learning,Hindi,True,90,90,5136.73,3424.49,35,16,38.89
C000083,VIDEO,Comedy,English,False,94,94,1500.75,957.93,40,17,42.55
C000084,VIDEO,Documentary,Korean,False,80,80,1124.08,843.06,28,20,35.00
C000085,PODCAST,Careers,Tamil,True,84,84,1730.55,1236.11,29,16,34.52
C000086,PODCAST,History,English,False,74,74,2800.33,2270.54,23,22,31.08
C000087,VIDEO,Comedy,Bengali,False,104,104,1744.55,1006.47,40,27,38.46
C000088,MUSIC,Indie Pop,English,False,88,88,225.12,153.49,42,14,47.73
C000089,VIDEO,Thriller,Telugu,False,73,73,2251.55,1850.59,26,17,35.62
C000090,VIDEO,Comedy,English,False,84,84,4835.13,3453.67,26,16,30.95
C000091,MUSIC,Indie Pop,English,True,97,97,216.83,134.12,35,22,36.08
C000092,MUSIC,Electronic,English,False,78,77,116.92,89.94,32,13,41.03
C000093,MUSIC,Devotional,Bengali,False,71,71,146.20,123.55,32,15,45.07
C000094,VIDEO,Learning,English,False,89,89,4413.88,2975.65,30,24,33.71
C000095,PODCAST,Business,Hindi,False,86,86,2247.68,1568.15,35,20,40.70
C000096,MUSIC,Indie Pop,Tamil,False,89,89,199.15,134.26,36,15,40.45
C000097,MUSIC,Instrumental,English,False,87,87,220.17,151.84,33,15,37.93
C000098,VIDEO,Sports Stories,Telugu,False,69,69,4938.58,4294.42,25,15,36.23
C000099,MUSIC,Jazz,Spanish,False,90,90,114.53,76.36,33,17,36.67
C000100,MUSIC,Jazz,Hindi,False,87,87,275.52,190.01,37,21,42.53
C000101,VIDEO,Thriller,Bengali,False,90,90,2476.25,1650.83,29,15,32.22
C000102,MUSIC,Electronic,Kannada,False,106,106,182.90,103.53,49,17,46.23
C000103,VIDEO,Sports Stories,Bengali,False,87,87,1647.35,1136.1,35,19,40.23
C000104,VIDEO,Animation,Kannada,False,79,79,4966.90,3772.33,32,13,40.51
C000105,VIDEO,Thriller,English,True,76,76,1346.77,1063.24,42,11,55.26
C000106,MUSIC,Instrumental,English,False,91,91,150.68,99.35,30,22,32.97
C000107,VIDEO,Drama,English,False,67,67,3987.13,3570.57,26,14,38.81
C000108,VIDEO,Learning,Bengali,False,91,90,1751.58,1154.89,37,22,40.66
C000109,VIDEO,Comedy,Korean,False,84,84,3816.72,2726.23,35,19,41.67
C000110,PODCAST,Careers,English,False,69,69,1170.98,1018.25,20,17,28.99
C000111,VIDEO,Drama,English,True,105,105,1525.13,871.5,43,14,40.95
C000112,PODCAST,Business,Telugu,False,112,112,2279.55,1221.19,52,20,46.43
C000113,VIDEO,Comedy,English,False,79,78,1022.27,776.41,29,19,36.71
C000114,VIDEO,Learning,Korean,True,75,75,2619.27,2095.41,26,17,34.67
C000115,VIDEO,Learning,English,False,98,98,3708.88,2270.74,39,20,39.80
C000116,PODCAST,Culture,Korean,False,78,77,1645.55,1265.81,25,13,32.05
C000117,VIDEO,Comedy,Spanish,False,71,71,4275.17,3612.82,23,11,32.39
C000118,VIDEO,Sports Stories,Spanish,False,87,87,4828.98,3330.33,30,17,34.48
C000119,VIDEO,Documentary,Hindi,False,68,68,2976.92,2626.69,20,13,29.41
C000120,VIDEO,Animation,Bengali,False,85,85,1862.87,1314.96,33,19,38.82
C000121,PODCAST,Technology,English,False,89,89,2093.18,1411.13,35,21,39.33
C000122,PODCAST,Culture,English,True,92,92,4163.78,2715.51,26,25,28.26
C000123,MUSIC,Instrumental,Telugu,True,71,71,157.80,133.35,25,11,35.21
C000124,VIDEO,Comedy,English,True,83,83,2201.10,1591.16,22,15,26.51
C000125,VIDEO,Learning,Spanish,True,89,89,1694.47,1142.34,26,17,29.21
C000126,VIDEO,Learning,Hindi,True,74,74,1849.63,1499.7,30,15,40.54
C000127,VIDEO,Sports Stories,Tamil,False,77,77,4190.92,3265.65,30,17,38.96
C000128,PODCAST,History,Kannada,False,71,71,3890.35,3287.62,29,14,40.85
C000129,MUSIC,Classical,Kannada,False,85,85,252.47,178.21,26,16,30.59
C000130,VIDEO,Documentary,Tamil,False,87,86,3280.45,2262.38,30,19,34.48
C000131,VIDEO,Sports Stories,English,True,77,77,3275.85,2552.61,31,10,40.26
C000132,MUSIC,Electronic,English,False,81,81,281.30,208.37,37,18,45.68
C000133,PODCAST,Culture,Korean,False,91,90,740.97,488.55,29,17,31.87
C000134,VIDEO,Comedy,Hindi,False,99,99,5415.13,3281.9,37,16,37.37
C000135,MUSIC,Devotional,Hindi,True,87,87,168.70,116.34,35,11,40.23
C000136,VIDEO,Sports Stories,Hindi,False,96,94,7141.35,4463.34,33,14,34.38
C000137,MUSIC,Classical,English,False,83,83,130.32,94.2,25,20,30.12
C000138,MUSIC,Folk Fusion,Tamil,False,87,86,113.47,78.25,27,19,31.03
C000139,MUSIC,Jazz,Bengali,False,94,94,368.97,235.51,28,15,29.79
C000140,VIDEO,Learning,Spanish,True,80,80,4543.43,3407.58,27,12,33.75
C000141,MUSIC,Devotional,Spanish,False,76,76,149.07,117.68,29,12,38.16
C000142,VIDEO,Sports Stories,English,False,74,73,2506.63,2032.41,29,13,39.19
C000143,MUSIC,Folk Fusion,English,False,81,81,163.53,121.14,28,19,34.57
C000144,VIDEO,Comedy,English,False,98,98,6046.73,3702.08,33,23,33.67
C000145,VIDEO,Thriller,English,True,91,91,5027.62,3314.91,35,16,38.46
C000146,VIDEO,Learning,English,False,111,111,2857.68,1544.69,41,22,36.94
C000147,VIDEO,Animation,English,False,87,87,5653.85,3899.21,33,15,37.93
C000148,MUSIC,Instrumental,Kannada,True,79,79,144.15,109.48,32,11,40.51
C000149,PODCAST,Technology,Hindi,False,85,85,1267.03,894.38,31,15,36.47
C000150,PODCAST,History,English,False,65,65,1939.33,1790.15,26,20,40.00
C000151,MUSIC,Indie Pop,English,False,95,95,256.50,162.0,24,18,25.26
C000152,PODCAST,Careers,Hindi,True,93,93,1210.05,780.68,35,21,37.63
C000153,PODCAST,History,English,True,87,87,3552.12,2449.74,29,21,33.33
C000154,MUSIC,Electronic,Tamil,False,81,81,180.92,134.01,34,12,41.98
C000155,VIDEO,Drama,Korean,False,85,85,3507.95,2476.2,28,19,32.94
C000156,MUSIC,Classical,English,False,69,69,233.13,202.72,27,17,39.13
C000157,VIDEO,Animation,English,True,73,73,5385.75,4426.64,35,14,47.95
C000158,VIDEO,Drama,Telugu,False,100,99,1522.23,913.34,39,14,39.00
C000159,VIDEO,Documentary,English,False,89,89,1560.92,1052.3,35,17,39.33
C000160,MUSIC,Indie Pop,Kannada,False,100,100,316.88,190.13,34,21,34.00
C000161,MUSIC,Classical,Tamil,False,80,80,173.52,130.14,30,16,37.50
C000162,MUSIC,Instrumental,English,False,103,103,167.88,97.8,35,23,33.98
C000163,VIDEO,Drama,Telugu,False,77,77,4959.03,3864.18,30,18,38.96
C000164,MUSIC,Instrumental,English,True,91,91,147.85,97.48,39,18,42.86
C000165,VIDEO,Documentary,Telugu,True,82,82,5505.88,4028.7,33,16,40.24
C000166,PODCAST,Careers,Hindi,False,74,74,2473.65,2005.66,30,12,40.54
C000167,MUSIC,Jazz,English,False,101,101,305.88,181.71,29,18,28.71
C000168,VIDEO,Thriller,English,False,85,85,4338.28,3062.32,36,15,42.35
C000169,VIDEO,Drama,Spanish,False,98,98,7260.37,4445.12,39,17,39.80
C000170,PODCAST,Business,Spanish,True,94,94,2740.30,1749.13,44,15,46.81
C000171,VIDEO,Learning,Bengali,False,83,83,1793.93,1296.82,30,10,36.14
C000172,VIDEO,Drama,Telugu,False,97,97,1605.33,992.99,31,21,31.96
C000173,MUSIC,Devotional,Hindi,False,68,68,236.27,208.47,21,13,30.88
C000174,PODCAST,Business,Spanish,True,94,94,2623.18,1674.37,34,19,36.17
C000175,PODCAST,Careers,English,False,78,78,2901.43,2231.87,32,15,41.03
C000176,VIDEO,Animation,English,False,91,90,1893.42,1248.41,27,21,29.67
C000177,MUSIC,Classical,English,False,92,92,252.32,164.55,37,21,40.22
C000178,MUSIC,Devotional,Hindi,False,85,85,268.13,189.27,32,16,37.65
C000179,MUSIC,Instrumental,English,True,92,92,294.00,191.74,32,19,34.78
C000180,PODCAST,Technology,English,False,87,87,3317.65,2288.03,31,15,35.63
C000181,VIDEO,Documentary,Hindi,False,78,77,3670.27,2823.28,23,15,29.49
C000182,MUSIC,Instrumental,Telugu,False,86,86,333.03,232.35,32,12,37.21
C000183,VIDEO,Learning,English,True,91,91,6031.48,3976.8,35,18,38.46
C000184,PODCAST,History,Tamil,False,88,88,4173.25,2845.4,39,14,44.32
C000185,VIDEO,Thriller,Hindi,False,86,84,2789.67,1946.28,18,23,20.93
C000186,MUSIC,Indie Pop,Kannada,True,79,79,323.35,245.58,27,16,34.18
C000187,VIDEO,Comedy,Spanish,True,82,82,3350.27,2451.41,32,18,39.02
C000188,VIDEO,Comedy,Kannada,True,78,78,922.32,709.47,24,18,30.77
C000189,VIDEO,Drama,English,False,94,94,4622.72,2950.67,38,17,40.43
C000190,PODCAST,Business,English,False,88,88,4073.70,2777.52,40,16,45.45
C000191,MUSIC,Instrumental,Hindi,True,76,76,156.17,123.29,29,16,38.16
C000192,MUSIC,Classical,Korean,True,94,94,309.85,197.78,37,25,39.36
C000193,MUSIC,Electronic,Telugu,False,88,88,170.82,116.47,28,20,31.82
C000194,VIDEO,Animation,English,False,91,91,2888.65,1904.6,29,19,31.87
C000195,MUSIC,Indie Pop,English,False,77,77,181.53,141.45,29,19,37.66
C000196,VIDEO,Sports Stories,Hindi,False,84,84,5760.58,4114.7,33,17,39.29
C000197,MUSIC,Indie Pop,English,False,83,83,119.62,86.47,28,17,33.73
C000198,PODCAST,Culture,Tamil,False,84,82,2138.25,1527.32,36,16,42.86
C000199,PODCAST,Science,Tamil,False,97,97,5278.02,3264.75,39,17,40.21
C000200,PODCAST,Wellbeing,Tamil,True,106,104,3546.23,2007.3,34,24,32.08
C000201,MUSIC,Indie Pop,Telugu,False,79,79,313.78,238.32,34,14,43.04
C000202,MUSIC,Jazz,Hindi,False,75,75,247.90,198.32,25,18,33.33
C000203,MUSIC,Indie Pop,Kannada,False,97,97,303.85,187.95,35,21,36.08
C000204,VIDEO,Drama,English,False,92,92,3572.02,2329.58,38,14,41.30
C000205,VIDEO,Animation,Hindi,True,92,92,6033.10,3934.63,33,14,35.87
C000206,MUSIC,Indie Pop,Hindi,False,65,65,199.70,184.34,27,15,41.54
C000207,MUSIC,Folk Fusion,English,False,88,88,240.18,163.76,44,12,50.00
C000208,VIDEO,Thriller,English,False,89,89,5232.18,3527.31,30,23,33.71
C000209,VIDEO,Documentary,English,True,88,88,2806.02,1913.19,35,13,39.77
C000210,VIDEO,Learning,English,False,72,72,3555.77,2963.14,19,19,26.39
C000211,VIDEO,Animation,Hindi,False,91,91,1988.23,1310.92,31,13,34.07
C000212,VIDEO,Learning,Hindi,False,75,75,2685.18,2148.15,28,16,37.33
C000213,VIDEO,Comedy,Telugu,False,66,66,1189.62,1081.47,26,11,39.39
C000214,VIDEO,Thriller,Hindi,False,80,80,2309.32,1731.99,36,13,45.00
C000215,VIDEO,Animation,English,False,75,75,1826.60,1461.28,21,16,28.00
C000216,MUSIC,Jazz,Tamil,False,80,80,144.53,108.4,23,14,28.75
C000217,VIDEO,Thriller,Korean,False,93,93,6528.57,4211.98,38,21,40.86
C000218,PODCAST,Wellbeing,Hindi,False,70,70,2646.25,2268.21,19,18,27.14
C000219,VIDEO,Comedy,English,False,76,76,905.35,714.75,21,17,27.63
C000220,VIDEO,Thriller,English,False,82,81,4665.77,3413.98,23,29,28.05
C000221,MUSIC,Electronic,Hindi,False,102,102,435.17,255.98,40,14,39.22
C000222,MUSIC,Folk Fusion,Kannada,True,75,75,334.30,267.44,32,10,42.67
C000223,VIDEO,Learning,English,False,73,73,1552.42,1275.96,37,13,50.68
C000224,MUSIC,Instrumental,Hindi,False,91,91,361.40,238.29,36,17,39.56
C000225,MUSIC,Indie Pop,Tamil,False,99,99,147.20,89.21,40,16,40.40
C000226,MUSIC,Devotional,Spanish,False,97,97,403.90,249.84,37,19,38.14
C000227,MUSIC,Instrumental,Hindi,False,80,80,112.13,84.1,28,13,35.00
C000228,VIDEO,Animation,Korean,False,70,69,1638.93,1404.8,25,14,35.71
C000229,VIDEO,Drama,Hindi,False,80,79,5607.32,4205.49,32,16,40.00
C000230,MUSIC,Classical,English,False,75,75,241.13,192.91,34,13,45.33
C000231,VIDEO,Thriller,Korean,True,89,89,2701.60,1821.3,34,19,38.20
C000232,MUSIC,Indie Pop,English,False,85,85,205.58,145.12,34,13,40.00
C000233,PODCAST,Technology,Tamil,False,91,91,1603.47,1057.23,44,11,48.35
C000234,VIDEO,Learning,Bengali,False,67,67,4561.72,4085.12,26,13,38.81
C000235,MUSIC,Electronic,Telugu,True,98,97,196.18,120.11,33,18,33.67
C000236,VIDEO,Documentary,English,False,80,80,2197.25,1647.94,33,14,41.25
C000237,VIDEO,Animation,English,False,93,93,4352.82,2808.27,32,22,34.41
C000238,VIDEO,Animation,Bengali,False,85,85,4165.43,2940.31,40,12,47.06
C000239,VIDEO,Drama,Kannada,False,84,84,3600.15,2571.54,34,11,40.48
C000240,MUSIC,Jazz,English,False,80,80,181.40,136.05,33,14,41.25
C000241,VIDEO,Thriller,Spanish,False,85,85,6179.65,4362.11,37,16,43.53
C000242,MUSIC,Instrumental,English,True,84,84,268.37,191.69,34,16,40.48
C000243,VIDEO,Documentary,English,False,88,88,4043.32,2756.81,27,28,30.68
C000244,VIDEO,Animation,Hindi,False,77,77,4456.55,3472.64,27,10,35.06
C000245,VIDEO,Sports Stories,Korean,False,80,80,5005.32,3753.99,26,20,32.50
C000246,VIDEO,Documentary,English,False,88,88,4648.02,3169.1,29,17,32.95
C000247,VIDEO,Animation,Hindi,False,81,81,6737.85,4991.0,33,9,40.74
C000248,MUSIC,Indie Pop,Korean,True,67,67,193.87,173.61,24,13,35.82
C000249,MUSIC,Electronic,English,False,90,90,119.83,79.89,31,22,34.44
C000250,MUSIC,Devotional,Hindi,False,89,89,219.15,147.74,35,12,39.33
C000251,MUSIC,Devotional,English,False,95,95,149.47,94.4,37,21,38.95
C000252,MUSIC,Jazz,Hindi,True,88,88,330.42,225.28,37,15,42.05
C000253,PODCAST,Culture,English,False,94,94,2168.33,1384.04,38,21,40.43
C000254,VIDEO,Documentary,Kannada,False,95,95,2981.63,1883.14,24,21,25.26
C000255,PODCAST,Culture,Telugu,False,84,84,1612.15,1151.54,26,24,30.95
C000256,VIDEO,Drama,English,False,82,82,1212.65,887.3,39,7,47.56
C000257,MUSIC,Classical,Spanish,False,89,89,302.33,203.82,30,23,33.71
C000258,VIDEO,Learning,Tamil,False,110,110,3613.92,1971.23,29,18,26.36
C000259,MUSIC,Jazz,English,False,93,93,246.97,159.33,34,18,36.56
C000260,MUSIC,Devotional,Hindi,False,91,91,288.95,190.52,38,15,41.76
C000261,MUSIC,Instrumental,Hindi,False,75,75,346.43,277.15,36,11,48.00
C000262,VIDEO,Thriller,Telugu,False,95,95,2314.35,1461.69,36,16,37.89
C000263,PODCAST,History,English,False,81,81,3806.10,2819.33,30,24,37.04
C000264,MUSIC,Indie Pop,Telugu,False,84,84,198.00,141.43,30,19,35.71
C000265,VIDEO,Comedy,English,False,93,93,3039.38,1960.89,36,18,38.71
C000266,VIDEO,Drama,Telugu,False,99,99,1988.20,1204.97,44,16,44.44
C000267,VIDEO,Learning,Telugu,True,104,103,2515.98,1451.53,41,13,39.42
C000268,VIDEO,Animation,Hindi,False,86,86,4148.93,2894.6,28,16,32.56
C000269,VIDEO,Documentary,Hindi,False,94,94,2538.38,1620.24,33,18,35.11
C000270,VIDEO,Learning,Telugu,False,101,101,1887.72,1121.42,40,15,39.60
C000271,MUSIC,Indie Pop,Hindi,False,80,80,322.03,241.53,33,16,41.25
C000272,MUSIC,Devotional,Kannada,False,79,78,231.75,176.01,23,18,29.11
C000273,MUSIC,Jazz,Spanish,True,93,93,177.28,114.38,31,14,33.33
C000274,MUSIC,Indie Pop,English,False,87,86,196.98,135.85,38,20,43.68
C000275,MUSIC,Classical,Spanish,True,71,71,148.38,125.39,25,12,35.21
C000276,VIDEO,Documentary,Kannada,False,84,84,1200.30,857.36,35,15,41.67
C000277,MUSIC,Instrumental,Kannada,False,75,75,151.98,121.59,25,17,33.33
C000278,MUSIC,Classical,Hindi,False,76,76,182.65,144.2,27,13,35.53
C000279,MUSIC,Jazz,Tamil,False,100,100,228.35,137.01,41,18,41.00
C000280,MUSIC,Devotional,English,True,82,82,150.87,110.39,36,16,43.90
C000281,MUSIC,Folk Fusion,English,False,85,85,238.57,168.4,30,20,35.29
C000282,MUSIC,Instrumental,Tamil,False,86,86,120.30,83.93,39,8,45.35
C000283,PODCAST,Business,English,True,65,65,1681.47,1552.12,33,11,50.77
C000284,VIDEO,Thriller,English,False,83,83,5649.82,4084.2,27,18,32.53
C000285,PODCAST,Business,Hindi,False,79,79,2262.33,1718.23,26,10,32.91
C000286,MUSIC,Devotional,English,False,73,73,131.97,108.47,32,19,43.84
C000287,VIDEO,Animation,Bengali,True,88,88,4244.20,2893.77,33,13,37.50
C000288,MUSIC,Jazz,Korean,True,71,71,175.87,148.62,31,14,43.66
C000289,VIDEO,Thriller,English,False,102,102,6278.95,3693.5,29,21,28.43
C000290,VIDEO,Comedy,Kannada,False,84,83,3652.17,2608.69,27,21,32.14
C000291,VIDEO,Sports Stories,Spanish,False,76,75,3815.72,3012.41,24,12,31.58
C000292,VIDEO,Documentary,Spanish,False,96,96,6077.30,3798.31,38,18,39.58
C000293,MUSIC,Instrumental,English,False,77,77,225.55,175.75,23,13,29.87
C000294,PODCAST,Business,Telugu,False,100,99,5047.52,3028.51,40,22,40.00
C000295,MUSIC,Indie Pop,English,False,90,90,243.87,162.58,42,21,46.67
C000296,PODCAST,Technology,English,False,86,86,2773.13,1934.74,34,19,39.53
C000297,MUSIC,Jazz,Telugu,True,94,94,263.92,168.46,33,24,35.11
C000298,VIDEO,Documentary,Kannada,False,89,89,3735.92,2518.6,31,13,34.83
C000299,MUSIC,Devotional,English,False,79,79,184.00,139.75,23,12,29.11
C000300,VIDEO,Thriller,Tamil,True,103,103,3182.32,1853.78,42,15,40.78
C000301,PODCAST,Business,English,True,87,87,4272.00,2946.21,33,13,37.93
C000302,PODCAST,Science,Korean,True,78,78,3162.15,2432.42,33,15,42.31
C000303,PODCAST,Business,Telugu,False,88,87,3341.55,2278.33,33,14,37.50
C000304,MUSIC,Electronic,Spanish,False,83,83,117.33,84.82,22,19,26.51
C000305,VIDEO,Thriller,English,False,101,101,1783.53,1059.52,36,17,35.64
C000306,MUSIC,Indie Pop,English,True,83,83,197.97,143.11,35,14,42.17
C000307,VIDEO,Comedy,English,True,71,71,3684.30,3113.49,21,17,29.58
C000308,MUSIC,Folk Fusion,Hindi,True,85,85,178.88,126.27,34,19,40.00
C000309,MUSIC,Indie Pop,Hindi,False,87,87,367.57,253.49,47,9,54.02
C000310,VIDEO,Comedy,Kannada,False,93,92,6165.30,3977.61,36,16,38.71
C000311,PODCAST,Business,Bengali,False,86,86,1850.15,1290.8,33,17,38.37
C000312,PODCAST,Science,English,True,80,80,1445.77,1084.33,28,18,35.00
C000313,VIDEO,Drama,English,False,78,78,1510.45,1161.88,33,11,42.31
C000314,MUSIC,Folk Fusion,English,False,72,72,295.67,246.39,25,16,34.72
C000315,PODCAST,History,Hindi,True,80,80,692.02,519.01,35,18,43.75
C000316,MUSIC,Electronic,Hindi,False,71,71,99.35,83.96,20,17,28.17
C000317,MUSIC,Electronic,Bengali,False,72,71,113.12,94.26,26,16,36.11
C000318,VIDEO,Thriller,Kannada,True,108,108,3493.60,1940.89,43,15,39.81
C000319,MUSIC,Devotional,Hindi,False,92,91,189.02,123.27,36,23,39.13
C000320,MUSIC,Jazz,English,False,78,78,321.77,247.51,34,12,43.59
C000321,MUSIC,Electronic,Telugu,False,71,71,318.80,269.41,33,12,46.48
C000322,PODCAST,Science,Kannada,False,108,106,2373.97,1318.87,40,28,37.04
C000323,MUSIC,Folk Fusion,English,True,78,78,136.33,104.87,29,18,37.18
C000324,VIDEO,Thriller,Hindi,False,82,82,1916.02,1401.96,28,17,34.15
C000325,MUSIC,Electronic,Hindi,False,77,77,260.80,203.22,32,17,41.56
C000326,VIDEO,Comedy,English,True,82,82,3366.65,2463.4,31,19,37.80
C000327,MUSIC,Folk Fusion,English,True,80,80,332.92,249.69,34,13,42.50
C000328,PODCAST,Technology,English,True,68,68,1733.37,1529.44,27,9,39.71
C000329,MUSIC,Classical,Hindi,True,98,98,154.40,94.53,33,19,33.67
C000330,VIDEO,Sports Stories,Tamil,False,78,78,2432.32,1871.01,25,21,32.05
C000331,VIDEO,Drama,Hindi,True,70,70,4731.28,4055.39,24,13,34.29
C000332,MUSIC,Folk Fusion,Korean,False,89,89,180.07,121.39,28,20,31.46
C000333,VIDEO,Comedy,Korean,False,104,103,3242.58,1870.72,41,16,39.42
C000334,VIDEO,Comedy,English,False,104,104,6179.38,3565.03,41,23,39.42
C000335,PODCAST,Culture,Hindi,False,87,87,3723.63,2568.02,29,27,33.33
C000336,MUSIC,Devotional,Telugu,False,87,87,223.77,154.32,24,16,27.59
C000337,VIDEO,Learning,Kannada,False,88,87,6310.75,4302.78,38,16,43.18
C000338,MUSIC,Classical,Hindi,True,84,84,145.25,103.75,35,10,41.67
C000339,VIDEO,Comedy,Spanish,False,78,78,1435.03,1103.87,28,20,35.90
C000340,MUSIC,Instrumental,English,False,76,76,305.77,241.39,35,11,46.05
C000341,VIDEO,Documentary,English,True,98,98,1842.28,1127.93,36,24,36.73
C000342,VIDEO,Sports Stories,Korean,False,77,77,2336.18,1820.4,32,10,41.56
C000343,VIDEO,Sports Stories,English,False,80,80,4234.50,3175.88,35,14,43.75
C000344,VIDEO,Animation,Hindi,False,95,95,1305.03,824.23,33,18,34.74
C000345,VIDEO,Sports Stories,Kannada,False,91,91,2842.13,1873.93,31,19,34.07
C000346,MUSIC,Indie Pop,Hindi,True,70,70,144.48,123.84,28,11,40.00
C000347,MUSIC,Classical,Hindi,False,76,76,191.27,151.0,26,14,34.21
C000348,VIDEO,Comedy,English,False,81,81,3631.07,2689.68,32,15,39.51
C000349,VIDEO,Drama,English,True,86,86,1710.68,1193.5,32,13,37.21
C000350,VIDEO,Animation,English,True,82,82,1074.22,786.01,31,18,37.80
C000351,VIDEO,Comedy,English,False,92,92,6683.82,4359.01,37,10,40.22
C000352,VIDEO,Learning,Telugu,False,76,76,5597.35,4418.96,34,16,44.74
C000353,MUSIC,Folk Fusion,Telugu,True,95,95,191.27,120.8,38,15,40.00
C000354,MUSIC,Folk Fusion,English,False,99,99,341.93,207.23,37,15,37.37
C000355,VIDEO,Comedy,Hindi,False,81,81,973.07,720.79,25,20,30.86
C000356,MUSIC,Jazz,Hindi,False,84,84,319.72,228.37,32,12,38.10
C000357,MUSIC,Indie Pop,Telugu,False,79,79,162.65,123.53,25,15,31.65
C000358,VIDEO,Thriller,Tamil,True,91,91,2193.70,1446.4,33,12,36.26
C000359,VIDEO,Animation,Spanish,True,93,93,4084.87,2635.4,37,13,39.78
C000360,MUSIC,Indie Pop,Bengali,False,79,79,217.32,165.05,25,12,31.65
C000361,MUSIC,Instrumental,Tamil,False,88,88,168.40,114.82,30,25,34.09
C000362,MUSIC,Indie Pop,English,True,85,85,137.42,97.0,23,22,27.06
C000363,PODCAST,Culture,Hindi,True,96,96,5383.95,3364.97,46,11,47.92
C000364,MUSIC,Classical,Kannada,False,79,79,138.58,105.25,29,11,36.71
C000365,MUSIC,Indie Pop,Tamil,False,68,68,284.40,250.94,27,8,39.71
C000366,PODCAST,Culture,Tamil,False,81,81,2273.65,1684.19,36,17,44.44
C000367,PODCAST,Careers,English,True,85,84,3833.68,2706.13,24,11,28.24
C000368,PODCAST,Technology,English,False,83,83,3038.37,2196.41,26,16,31.33
C000369,VIDEO,Drama,Korean,False,94,94,7229.83,4614.79,32,11,34.04
C000370,PODCAST,History,English,True,106,106,3063.73,1734.19,38,19,35.85
C000371,PODCAST,Technology,English,False,89,89,2196.83,1481.01,28,22,31.46
C000372,VIDEO,Comedy,Telugu,False,99,99,3746.60,2270.67,35,26,35.35
C000373,PODCAST,Technology,Spanish,False,85,85,1858.95,1312.2,31,20,36.47
C000374,VIDEO,Animation,Telugu,False,82,82,1201.07,878.83,34,17,41.46
C000375,VIDEO,Documentary,Spanish,False,92,92,6150.15,4010.97,31,20,33.70
C000376,VIDEO,Thriller,Kannada,False,92,92,5216.98,3402.38,37,18,40.22
C000377,MUSIC,Folk Fusion,Telugu,False,98,98,147.23,90.14,32,14,32.65
C000378,MUSIC,Devotional,English,False,83,83,228.75,165.36,31,17,37.35
C000379,MUSIC,Devotional,Hindi,False,79,79,246.15,186.95,28,13,35.44
C000380,VIDEO,Thriller,Hindi,False,91,91,1856.78,1224.25,41,16,45.05
C000381,MUSIC,Indie Pop,Hindi,False,89,89,407.03,274.4,41,12,46.07
C000382,VIDEO,Learning,Tamil,True,85,84,4241.85,2994.25,34,12,40.00
C000383,PODCAST,Careers,English,False,86,86,3426.80,2390.79,35,17,40.70
C000384,MUSIC,Instrumental,English,False,89,89,301.50,203.26,38,21,42.70
C000385,PODCAST,Wellbeing,Kannada,False,93,93,4110.38,2651.86,33,24,35.48
C000386,MUSIC,Electronic,English,False,73,73,284.40,233.75,35,12,47.95
C000387,VIDEO,Sports Stories,Hindi,False,77,76,5852.57,4560.44,25,12,32.47
C000388,MUSIC,Instrumental,Hindi,True,88,88,315.73,215.27,39,13,44.32
C000389,PODCAST,Culture,Hindi,False,66,66,932.90,848.09,24,12,36.36
C000390,MUSIC,Instrumental,English,False,76,76,301.85,238.3,33,9,43.42
C000391,MUSIC,Instrumental,English,False,95,94,299.52,189.17,35,17,36.84
C000392,MUSIC,Devotional,English,False,87,85,301.57,207.98,31,18,35.63
C000393,PODCAST,Wellbeing,English,False,82,82,1417.50,1037.2,28,18,34.15
C000394,VIDEO,Sports Stories,Telugu,False,90,90,3325.87,2217.24,38,21,42.22
C000395,VIDEO,Drama,Hindi,False,101,101,4113.78,2443.83,37,21,36.63
C000396,VIDEO,Animation,English,True,93,93,3032.18,1956.25,30,12,32.26
C000397,MUSIC,Devotional,Telugu,False,88,88,120.93,82.45,33,16,37.50
C000398,MUSIC,Devotional,English,False,100,100,305.17,183.1,45,14,45.00
C000399,MUSIC,Indie Pop,Hindi,False,89,89,129.87,87.55,31,14,34.83
C000400,MUSIC,Electronic,English,False,101,101,128.57,76.38,43,23,42.57
C000401,MUSIC,Instrumental,English,True,77,76,247.47,192.83,25,18,32.47
C000402,PODCAST,Business,English,False,93,93,5010.68,3232.7,38,12,40.86
C000403,VIDEO,Animation,Hindi,False,88,88,2897.85,1975.81,33,16,37.50
C000404,VIDEO,Comedy,Telugu,False,78,78,3213.17,2471.67,34,18,43.59
C000405,MUSIC,Devotional,Hindi,False,88,88,190.12,129.63,33,9,37.50
C000406,VIDEO,Documentary,English,False,92,92,3251.47,2120.52,31,17,33.70
C000407,MUSIC,Folk Fusion,Hindi,False,98,98,262.92,160.97,43,16,43.88
C000408,MUSIC,Jazz,Hindi,True,80,80,283.17,212.38,24,19,30.00
C000409,VIDEO,Sports Stories,English,True,78,78,5362.85,4125.27,28,17,35.90
C000410,MUSIC,Classical,Korean,False,79,79,125.58,95.38,35,11,44.30
C000411,VIDEO,Animation,Tamil,False,74,74,1984.22,1608.82,23,17,31.08
C000412,VIDEO,Thriller,English,False,78,78,3889.25,2991.73,32,17,41.03
C000413,PODCAST,History,Bengali,False,82,82,2369.63,1733.88,36,14,43.90
C000414,VIDEO,Drama,English,False,90,90,5292.93,3528.62,28,16,31.11
C000415,MUSIC,Devotional,Telugu,False,108,108,340.00,188.89,41,17,37.96
C000416,MUSIC,Folk Fusion,English,True,70,70,169.15,144.99,27,15,38.57
C000417,PODCAST,Science,English,False,108,107,6057.42,3365.23,43,16,39.81
C000418,VIDEO,Comedy,Hindi,False,94,93,3663.03,2338.11,37,19,39.36
C000419,MUSIC,Classical,Korean,False,95,95,221.32,139.78,43,19,45.26
C000420,MUSIC,Classical,English,True,83,83,246.88,178.47,36,13,43.37
C000421,VIDEO,Sports Stories,English,False,86,86,4102.48,2862.2,34,11,39.53
C000422,VIDEO,Animation,English,False,83,83,2900.27,2096.58,24,13,28.92
C000423,VIDEO,Learning,Hindi,False,86,86,4493.73,3135.16,38,8,44.19
C000424,VIDEO,Comedy,Tamil,False,81,81,4586.33,3397.28,24,18,29.63
C000425,MUSIC,Folk Fusion,Korean,True,99,99,155.62,94.31,38,18,38.38
C000426,VIDEO,Sports Stories,English,True,87,87,1884.78,1299.85,31,21,35.63
C000427,MUSIC,Classical,Hindi,False,85,85,109.03,76.96,32,13,37.65
C000428,VIDEO,Drama,Korean,False,68,68,1317.37,1162.38,25,9,36.76
C000429,VIDEO,Animation,English,False,98,98,4320.80,2645.39,38,16,38.78
C000430,PODCAST,Business,English,False,79,79,2871.02,2180.52,30,13,37.97
C000431,MUSIC,Jazz,Bengali,True,99,99,345.30,209.27,44,18,44.44
C000432,VIDEO,Drama,English,False,75,75,3582.83,2866.27,29,11,38.67
C000433,VIDEO,Sports Stories,English,False,87,87,4094.48,2823.78,33,24,37.93
C000434,VIDEO,Sports Stories,English,False,89,89,4834.32,3259.09,35,12,39.33
C000435,MUSIC,Indie Pop,English,False,88,88,126.77,86.43,26,20,29.55
C000436,MUSIC,Devotional,Tamil,False,89,89,113.58,76.57,28,19,31.46
C000437,MUSIC,Folk Fusion,English,False,81,81,277.20,205.33,38,11,46.91
C000438,VIDEO,Documentary,English,True,77,77,4356.30,3394.52,37,15,48.05
C000439,VIDEO,Sports Stories,English,False,80,80,2567.28,1925.46,34,14,42.50
C000440,MUSIC,Indie Pop,English,False,89,89,167.63,113.01,39,9,43.82
C000441,MUSIC,Electronic,English,True,88,88,353.17,240.8,35,16,39.77
C000442,VIDEO,Comedy,English,True,78,78,1485.27,1142.51,25,14,32.05
C000443,MUSIC,Electronic,Korean,False,86,86,303.13,211.49,27,15,31.40
C000444,VIDEO,Animation,English,True,89,89,4821.18,3250.24,37,11,41.57
C000445,VIDEO,Drama,Hindi,True,82,82,4842.57,3543.34,31,20,37.80
C000446,MUSIC,Indie Pop,English,False,83,83,291.67,210.84,28,16,33.73
C000447,VIDEO,Thriller,Hindi,False,94,94,3385.70,2161.09,31,23,32.98
C000448,MUSIC,Instrumental,English,False,74,74,179.87,145.84,27,18,36.49
C000449,VIDEO,Animation,Bengali,False,106,106,1404.40,794.94,43,12,40.57
C000450,VIDEO,Thriller,Kannada,False,87,87,5577.33,3846.44,37,17,42.53
C000451,VIDEO,Comedy,Hindi,False,70,70,1262.03,1081.74,22,13,31.43
C000452,PODCAST,Science,Spanish,False,97,97,3575.03,2211.36,39,18,40.21
C000453,VIDEO,Thriller,Telugu,False,80,80,3366.38,2524.79,26,19,32.50
C000454,MUSIC,Instrumental,English,True,103,103,252.87,147.3,42,22,40.78
C000455,VIDEO,Comedy,English,True,94,94,4805.05,3067.05,30,21,31.91
C000456,VIDEO,Thriller,Tamil,False,92,92,4381.77,2857.67,30,19,32.61
C000457,PODCAST,Careers,Korean,False,89,89,4065.78,2740.98,30,18,33.71
C000458,VIDEO,Thriller,Kannada,False,88,88,4966.15,3386.01,39,13,44.32
C000459,MUSIC,Devotional,Spanish,False,101,101,152.05,90.33,39,17,38.61
C000460,VIDEO,Learning,English,True,68,68,3275.08,2889.78,29,11,42.65
C000461,MUSIC,Classical,Hindi,True,90,90,241.03,160.69,38,13,42.22
C000462,VIDEO,Animation,English,False,85,85,3882.68,2740.72,42,7,49.41
C000463,VIDEO,Drama,English,False,87,87,3403.90,2347.52,42,13,48.28
C000464,VIDEO,Documentary,English,False,88,87,2200.65,1500.44,34,14,38.64
C000465,VIDEO,Drama,Kannada,False,91,91,5485.95,3617.11,28,20,30.77
C000466,VIDEO,Drama,English,False,87,87,2450.45,1689.97,28,12,32.18
C000467,MUSIC,Devotional,Hindi,False,88,88,185.48,126.47,34,21,38.64
C000468,MUSIC,Folk Fusion,Hindi,False,85,84,182.37,128.73,24,19,28.24
C000469,MUSIC,Devotional,Hindi,False,80,80,280.22,210.16,27,18,33.75
C000470,VIDEO,Animation,English,False,87,87,2264.88,1561.99,27,17,31.03
C000471,VIDEO,Thriller,English,False,77,76,3015.65,2349.86,28,21,36.36
C000472,MUSIC,Folk Fusion,Hindi,False,93,93,143.53,92.6,38,18,40.86
C000473,MUSIC,Jazz,English,False,82,82,285.42,208.84,30,15,36.59
C000474,VIDEO,Learning,English,False,74,74,5603.37,4543.27,29,14,39.19
C000475,VIDEO,Sports Stories,Bengali,True,78,78,3301.70,2539.77,23,15,29.49
C000476,VIDEO,Comedy,English,False,87,87,1890.90,1304.07,34,17,39.08
C000477,MUSIC,Indie Pop,English,False,81,81,305.90,226.59,32,16,39.51
C000478,VIDEO,Animation,Hindi,False,83,82,4413.70,3190.63,34,15,40.96
C000479,PODCAST,Culture,English,False,96,96,4077.68,2548.55,38,16,39.58
C000480,VIDEO,Thriller,Hindi,True,87,87,5440.73,3752.23,46,14,52.87
C000481,MUSIC,Classical,Korean,False,99,99,319.33,193.54,45,15,45.45
C000482,VIDEO,Drama,English,False,82,82,1948.68,1425.87,34,16,41.46
C000483,VIDEO,Sports Stories,English,False,87,87,4521.62,3118.36,31,19,35.63
C000484,VIDEO,Learning,Kannada,False,99,98,4394.47,2663.31,36,24,36.36
C000485,MUSIC,Devotional,English,False,79,79,242.33,184.05,33,14,41.77
C000486,MUSIC,Folk Fusion,Spanish,False,94,94,229.82,146.69,34,18,36.17
C000487,VIDEO,Animation,Spanish,True,75,75,2158.02,1726.41,29,19,38.67
C000488,PODCAST,Science,English,False,111,111,1325.72,716.6,43,19,38.74
C000489,VIDEO,Animation,Telugu,True,91,91,4755.50,3135.49,34,18,37.36
C000490,VIDEO,Thriller,English,False,75,74,4063.38,3250.71,28,18,37.33
C000491,MUSIC,Electronic,Kannada,True,76,75,288.78,227.99,27,13,35.53
C000492,MUSIC,Classical,English,False,89,89,255.30,172.11,28,18,31.46
C000493,MUSIC,Classical,Bengali,False,86,86,354.00,246.98,34,16,39.53
C000494,MUSIC,Instrumental,English,False,90,90,418.02,278.68,43,17,47.78
C000495,MUSIC,Classical,English,False,101,101,375.78,223.24,31,22,30.69
C000496,MUSIC,Devotional,Korean,False,77,76,102.68,80.01,34,13,44.16
C000497,VIDEO,Drama,Hindi,False,71,71,4213.68,3560.86,28,12,39.44
C000498,VIDEO,Drama,English,False,85,85,1426.33,1006.82,33,15,38.82
C000499,MUSIC,Classical,Tamil,False,73,72,249.82,205.33,26,20,35.62
C000500,VIDEO,Sports Stories,English,False,76,75,1156.88,913.33,35,15,46.05
C000501,VIDEO,Sports Stories,Telugu,True,81,81,5729.27,4243.9,35,15,43.21
C000502,MUSIC,Instrumental,English,False,93,93,372.03,240.02,38,13,40.86
C000503,MUSIC,Electronic,Korean,False,100,100,361.40,216.84,48,15,48.00
C000504,MUSIC,Devotional,English,True,78,77,219.33,168.72,21,22,26.92
C000505,PODCAST,Careers,Hindi,False,96,95,4044.87,2528.04,34,20,35.42
C000506,MUSIC,Indie Pop,Korean,True,88,87,234.87,160.14,33,16,37.50
C000507,MUSIC,Classical,Hindi,False,85,85,113.07,79.81,32,21,37.65
C000508,VIDEO,Thriller,Tamil,False,100,99,6076.53,3645.92,33,20,33.00
C000509,MUSIC,Jazz,English,True,73,73,222.52,182.89,37,8,50.68
C000510,VIDEO,Drama,English,True,92,92,7317.95,4772.58,44,12,47.83
C000511,PODCAST,History,Bengali,False,89,89,3606.75,2431.52,32,15,35.96
C000512,MUSIC,Devotional,English,False,95,95,195.62,123.55,36,17,37.89
C000513,VIDEO,Comedy,Telugu,False,69,69,1695.20,1474.09,24,18,34.78
C000514,VIDEO,Sports Stories,Spanish,False,85,85,5528.15,3902.22,32,18,37.65
C000515,PODCAST,History,Hindi,False,84,83,4614.70,3296.21,29,12,34.52
C000516,MUSIC,Devotional,Hindi,True,95,94,126.88,80.14,33,13,34.74
C000517,VIDEO,Sports Stories,Spanish,False,85,85,3292.97,2324.45,26,21,30.59
C000518,MUSIC,Jazz,Hindi,True,87,87,260.35,179.55,38,21,43.68
C000519,MUSIC,Folk Fusion,Spanish,False,105,105,299.63,171.22,39,21,37.14
C000520,PODCAST,Culture,Spanish,True,90,90,1279.52,853.01,31,15,34.44
C000521,VIDEO,Learning,Telugu,True,81,81,2979.25,2206.85,31,13,38.27
C000522,MUSIC,Electronic,Bengali,False,78,78,292.15,224.73,26,12,33.33
C000523,PODCAST,Culture,English,False,83,82,819.50,592.41,34,13,40.96
C000524,MUSIC,Electronic,Hindi,False,70,70,113.30,97.11,28,15,40.00
C000525,PODCAST,Careers,Telugu,True,81,81,2540.58,1881.91,35,19,43.21
C000526,MUSIC,Devotional,English,False,84,83,262.92,187.8,38,22,45.24
C000527,MUSIC,Folk Fusion,Spanish,False,92,92,376.23,245.37,40,21,43.48
C000528,VIDEO,Thriller,Korean,True,78,78,922.23,709.41,27,17,34.62
C000529,MUSIC,Folk Fusion,Spanish,False,92,92,348.83,227.5,41,18,44.57
C000530,VIDEO,Animation,Telugu,False,79,79,4427.75,3362.85,32,16,40.51
C000531,VIDEO,Animation,English,False,77,77,2377.18,1852.35,28,20,36.36
C000532,VIDEO,Drama,Bengali,True,95,95,2188.60,1382.27,30,12,31.58
C000533,PODCAST,Careers,Telugu,False,76,76,3042.47,2401.95,31,12,40.79
C000534,PODCAST,Culture,English,False,81,81,2729.48,2021.84,35,14,43.21
C000535,VIDEO,Learning,Telugu,False,76,75,3623.57,2860.71,31,14,40.79
C000536,MUSIC,Instrumental,English,False,96,95,106.93,66.83,28,24,29.17
C000537,VIDEO,Documentary,Hindi,False,89,89,2589.57,1745.78,29,12,32.58
C000538,VIDEO,Learning,Tamil,False,90,90,1935.18,1290.12,32,26,35.56
C000539,MUSIC,Jazz,Spanish,False,91,91,353.43,233.03,33,18,36.26
C000540,VIDEO,Sports Stories,Kannada,False,96,96,1369.40,855.88,37,18,38.54
C000541,MUSIC,Folk Fusion,Tamil,False,91,91,389.22,256.63,41,19,45.05
C000542,VIDEO,Learning,Tamil,False,101,101,2188.83,1300.3,33,27,32.67
C000543,PODCAST,Careers,Korean,False,64,64,2710.38,2540.98,24,8,37.50
C000544,VIDEO,Thriller,Korean,False,87,87,3883.45,2678.24,36,12,41.38
C000545,VIDEO,Animation,English,True,85,84,1265.60,893.36,34,18,40.00
C000546,MUSIC,Instrumental,English,True,89,89,349.63,235.71,27,16,30.34
C000547,PODCAST,History,Korean,False,88,88,3575.00,2437.5,37,10,42.05
C000548,VIDEO,Thriller,Tamil,False,97,97,6181.38,3823.54,37,12,38.14
C000549,VIDEO,Sports Stories,Hindi,False,87,87,3235.80,2231.59,34,19,39.08
C000550,MUSIC,Devotional,Hindi,False,89,88,354.08,238.71,36,16,40.45
C000551,PODCAST,Business,English,True,94,94,2646.75,1689.41,31,20,32.98
C000552,VIDEO,Comedy,English,False,88,88,3774.85,2573.76,36,14,40.91
C000553,MUSIC,Electronic,English,True,88,88,158.88,108.33,28,23,31.82
C000554,MUSIC,Jazz,English,False,98,98,354.47,217.02,36,16,36.73
C000555,VIDEO,Animation,English,False,68,68,3121.38,2754.16,23,13,33.82
C000556,VIDEO,Thriller,Hindi,False,86,86,6526.78,4553.57,37,13,43.02
C000557,MUSIC,Folk Fusion,English,False,82,82,310.95,227.52,28,11,34.15
C000558,VIDEO,Thriller,English,True,100,100,3096.18,1857.71,32,21,32.00
C000559,PODCAST,History,English,True,96,96,943.48,589.68,32,26,33.33
C000560,MUSIC,Electronic,Kannada,False,75,75,340.92,272.73,29,9,38.67
C000561,MUSIC,Devotional,Kannada,False,82,82,308.02,225.38,33,13,40.24
C000562,MUSIC,Indie Pop,Hindi,True,86,86,313.77,218.91,31,19,36.05
C000563,PODCAST,Wellbeing,English,False,90,90,1328.72,885.81,36,17,40.00
C000564,VIDEO,Documentary,Hindi,False,74,74,2097.28,1700.5,34,8,45.95
C000565,MUSIC,Classical,Tamil,False,86,86,164.25,114.59,31,17,36.05
C000566,PODCAST,Technology,Hindi,False,107,107,2202.88,1235.26,52,13,48.60
C000567,MUSIC,Devotional,English,False,82,82,219.88,160.89,36,12,43.90
C000568,MUSIC,Classical,Telugu,False,75,75,197.53,158.03,29,10,38.67
C000569,MUSIC,Indie Pop,English,True,93,93,394.35,254.42,36,20,38.71
C000570,VIDEO,Sports Stories,Telugu,False,92,92,3866.58,2521.68,32,19,34.78
C000571,VIDEO,Animation,Spanish,False,70,70,4233.87,3629.03,31,21,44.29
C000572,VIDEO,Learning,Hindi,False,94,94,6039.27,3854.85,36,19,38.30
C000573,MUSIC,Indie Pop,Telugu,True,90,90,366.42,244.28,29,15,32.22
C000574,MUSIC,Devotional,Tamil,True,79,79,145.00,110.13,29,17,36.71
C000575,VIDEO,Drama,Hindi,False,94,93,2261.67,1443.62,32,20,34.04
C000576,VIDEO,Comedy,English,False,92,92,3713.05,2421.55,34,23,36.96
C000577,VIDEO,Learning,Hindi,False,93,93,3585.87,2313.46,38,16,40.86
C000578,VIDEO,Drama,Tamil,False,92,92,2459.27,1603.87,35,17,38.04
C000579,MUSIC,Instrumental,English,False,75,75,220.72,176.57,32,15,42.67
C000580,PODCAST,Culture,Tamil,False,106,106,3985.43,2255.91,45,10,42.45
C000581,MUSIC,Indie Pop,English,False,97,97,265.97,164.52,44,18,45.36
C000582,MUSIC,Indie Pop,Hindi,False,78,78,264.42,203.4,29,16,37.18
C000583,MUSIC,Indie Pop,Telugu,False,83,83,323.98,234.2,35,9,42.17
C000584,PODCAST,History,English,False,78,78,2701.92,2078.4,30,10,38.46
C000585,MUSIC,Instrumental,English,False,105,105,269.92,154.24,39,21,37.14
C000586,MUSIC,Electronic,Korean,True,84,84,265.95,189.96,32,14,38.10
C000587,VIDEO,Comedy,English,True,69,69,2418.77,2103.28,24,14,34.78
C000588,MUSIC,Instrumental,English,False,79,79,241.48,183.41,25,16,31.65
C000589,VIDEO,Animation,Hindi,False,88,87,4791.48,3266.92,38,15,43.18
C000590,VIDEO,Comedy,Tamil,False,75,74,1884.73,1507.79,28,13,37.33
C000591,MUSIC,Instrumental,Korean,False,89,89,318.98,215.04,43,14,48.31
C000592,MUSIC,Folk Fusion,Hindi,True,88,88,370.47,252.59,35,16,39.77
C000593,MUSIC,Jazz,English,True,63,63,174.43,166.13,27,10,42.86
C000594,MUSIC,Indie Pop,Korean,True,106,105,161.82,91.59,45,22,42.45
C000595,MUSIC,Devotional,English,True,84,84,304.17,217.26,30,16,35.71
C000596,VIDEO,Drama,English,False,88,88,5360.42,3654.83,33,14,37.50
C000597,VIDEO,Comedy,English,True,82,82,3461.93,2533.12,28,14,34.15
C000598,VIDEO,Documentary,Kannada,False,87,87,4096.13,2824.92,25,18,28.74
C000599,PODCAST,Technology,Kannada,False,82,82,3198.50,2340.37,24,15,29.27
C000600,MUSIC,Classical,English,True,74,74,170.58,138.31,26,11,35.14
C000601,MUSIC,Jazz,English,False,84,84,203.80,145.57,36,13,42.86
C000602,VIDEO,Comedy,Bengali,False,90,90,6529.13,4352.76,39,16,43.33
C000603,MUSIC,Devotional,Hindi,False,80,79,309.18,231.89,26,14,32.50
C000604,PODCAST,Wellbeing,Spanish,False,89,89,3258.68,2196.87,34,14,38.20
C000605,VIDEO,Sports Stories,English,True,73,73,1518.28,1247.9,25,16,34.25
C000606,MUSIC,Electronic,English,False,90,90,138.05,92.03,39,12,43.33
C000607,VIDEO,Drama,Spanish,False,80,80,1467.13,1100.35,24,17,30.00
C000608,VIDEO,Comedy,Tamil,True,76,75,3789.08,2991.38,35,15,46.05
C000609,PODCAST,Technology,English,True,76,76,4202.72,3317.93,30,11,39.47
C000610,PODCAST,Culture,Tamil,False,72,72,598.57,498.81,25,14,34.72
C000611,PODCAST,Culture,Korean,False,78,78,1255.55,965.81,30,17,38.46
C000612,VIDEO,Thriller,Korean,True,89,89,6290.07,4240.49,28,18,31.46
C000613,MUSIC,Classical,Hindi,False,85,85,99.17,70.0,30,18,35.29
C000614,PODCAST,Business,Hindi,False,83,83,922.57,666.92,31,15,37.35
C000615,MUSIC,Electronic,Tamil,False,81,80,181.62,134.53,33,16,40.74
C000616,MUSIC,Indie Pop,Spanish,False,89,89,112.30,75.71,33,19,37.08
C000617,PODCAST,Science,English,False,85,85,2213.98,1562.81,31,13,36.47
C000618,VIDEO,Comedy,English,True,99,98,3456.58,2094.9,41,16,41.41
C000619,VIDEO,Comedy,English,False,91,90,5860.80,3864.26,33,20,36.26
C000620,VIDEO,Sports Stories,Spanish,False,97,96,5304.15,3280.92,39,26,40.21
C000621,MUSIC,Classical,English,False,89,88,393.07,264.99,39,18,43.82
C000622,PODCAST,Culture,English,False,79,79,2103.53,1597.62,32,19,40.51
C000623,MUSIC,Classical,Hindi,False,88,88,194.30,132.48,36,18,40.91
C000624,VIDEO,Drama,Spanish,True,80,80,1129.77,847.33,33,17,41.25
C000625,VIDEO,Documentary,English,False,88,88,2441.92,1664.94,27,25,30.68
C000626,VIDEO,Thriller,Korean,False,86,86,6438.53,4492.0,32,17,37.21
C000627,PODCAST,Culture,English,False,100,100,4175.68,2505.41,37,18,37.00
C000628,PODCAST,Science,Hindi,True,76,76,2314.68,1827.38,25,11,32.89
C000629,PODCAST,History,English,False,72,72,2569.25,2141.04,29,14,40.28
C000630,VIDEO,Learning,English,False,88,87,4295.17,2928.52,28,13,31.82
C000631,MUSIC,Electronic,English,True,81,81,133.87,99.16,21,14,25.93
C000632,VIDEO,Learning,Hindi,False,97,97,6387.82,3951.23,45,16,46.39
C000633,PODCAST,Business,Hindi,False,76,76,3366.32,2657.62,28,20,36.84
C000634,VIDEO,Comedy,English,False,88,88,2576.75,1756.88,35,12,39.77
C000635,VIDEO,Comedy,Telugu,False,83,83,3737.57,2701.86,28,22,33.73
C000636,VIDEO,Comedy,English,True,90,90,6436.92,4291.28,38,19,42.22
C000637,MUSIC,Devotional,Hindi,False,68,68,179.07,158.0,25,15,36.76
C000638,MUSIC,Electronic,Tamil,False,93,93,137.78,88.89,44,17,47.31
C000639,VIDEO,Drama,Telugu,True,89,89,6636.85,4474.28,38,11,42.70
C000640,MUSIC,Devotional,English,False,83,83,264.87,191.47,29,12,34.94
C000641,VIDEO,Learning,Spanish,False,90,90,6268.32,4178.88,33,17,36.67
C000642,VIDEO,Learning,Tamil,True,93,93,4538.48,2928.05,38,16,40.86
C000643,PODCAST,Careers,Telugu,True,91,91,4199.92,2769.18,36,11,39.56
C000644,PODCAST,Technology,Telugu,False,95,95,2410.33,1522.32,39,13,41.05
C000645,MUSIC,Classical,Korean,False,87,87,225.88,155.78,27,16,31.03
C000646,MUSIC,Indie Pop,Kannada,False,87,87,185.05,127.62,33,13,37.93
C000647,PODCAST,Careers,Tamil,False,84,84,803.50,573.93,33,18,39.29
C000648,PODCAST,Science,Korean,False,86,86,2785.07,1943.07,27,23,31.40
C000649,MUSIC,Electronic,Tamil,True,92,92,342.95,223.66,36,14,39.13
C000650,MUSIC,Devotional,English,True,79,79,182.62,138.7,23,19,29.11
C000651,VIDEO,Drama,English,False,71,71,4620.62,3904.75,29,10,40.85
C000652,VIDEO,Drama,English,False,99,99,4356.72,2640.43,39,15,39.39
C000653,VIDEO,Documentary,Kannada,False,92,92,3507.20,2287.3,35,17,38.04
C000654,VIDEO,Thriller,English,True,90,90,2133.88,1422.59,35,15,38.89
C000655,VIDEO,Sports Stories,Bengali,False,70,70,4608.75,3950.36,26,17,37.14
C000656,VIDEO,Thriller,English,False,98,98,3019.97,1848.96,39,21,39.80
C000657,VIDEO,Drama,English,False,89,89,5405.77,3644.34,33,19,37.08
C000658,PODCAST,Technology,Spanish,False,80,80,1995.38,1496.54,33,15,41.25
C000659,MUSIC,Jazz,Spanish,False,80,80,255.22,191.41,26,16,32.50
C000660,MUSIC,Electronic,Tamil,True,78,78,96.88,74.53,23,18,29.49
C000661,PODCAST,Wellbeing,Spanish,True,95,95,1909.12,1205.76,47,18,49.47
C000662,VIDEO,Drama,Tamil,False,88,88,5734.08,3909.6,34,23,38.64
C000663,MUSIC,Indie Pop,Tamil,True,84,84,118.12,84.37,27,10,32.14
C000664,MUSIC,Devotional,English,False,85,85,360.33,254.35,35,13,41.18
C000665,MUSIC,Instrumental,Spanish,False,85,85,141.82,100.11,28,18,32.94
C000666,VIDEO,Drama,Telugu,False,88,88,3139.40,2140.5,33,13,37.50
C000667,VIDEO,Drama,English,True,92,91,5032.25,3281.9,37,15,40.22
C000668,VIDEO,Thriller,English,True,86,86,6813.02,4753.27,38,11,44.19
C000669,VIDEO,Drama,Kannada,False,104,104,5170.12,2982.76,37,22,35.58
C000670,VIDEO,Sports Stories,English,True,99,99,7156.22,4337.1,45,14,45.45
C000671,MUSIC,Jazz,English,False,82,82,179.28,131.18,36,18,43.90
C000672,MUSIC,Electronic,English,False,100,100,179.68,107.81,38,16,38.00
C000673,MUSIC,Devotional,Tamil,True,89,89,208.37,140.47,37,22,41.57
C000674,VIDEO,Documentary,English,True,90,90,2733.17,1822.11,28,25,31.11
C000675,VIDEO,Sports Stories,Spanish,False,85,85,3198.05,2257.45,34,18,40.00
C000676,VIDEO,Comedy,English,False,101,101,6608.83,3926.04,38,19,37.62
C000677,VIDEO,Drama,Spanish,True,85,85,6025.75,4253.47,34,10,40.00
C000678,MUSIC,Classical,Tamil,False,104,104,368.10,212.37,38,24,36.54
C000679,MUSIC,Electronic,English,False,83,83,210.33,152.05,30,17,36.14
C000680,VIDEO,Sports Stories,English,False,84,84,1804.67,1289.05,34,17,40.48
C000681,MUSIC,Instrumental,Hindi,False,87,87,175.50,121.03,28,20,32.18
C000682,VIDEO,Drama,Kannada,True,78,78,1611.18,1239.37,27,13,34.62
C000683,MUSIC,Indie Pop,Spanish,False,86,86,309.72,216.08,32,11,37.21
C000684,MUSIC,Indie Pop,Kannada,False,91,91,428.03,282.22,43,13,47.25
C000685,VIDEO,Thriller,Telugu,False,76,76,1204.72,951.09,25,22,32.89
C000686,MUSIC,Electronic,Tamil,False,96,96,271.03,169.4,38,19,39.58
C000687,VIDEO,Documentary,English,False,98,98,4162.25,2548.32,32,18,32.65
C000688,MUSIC,Jazz,English,False,79,79,296.30,225.04,28,9,35.44
C000689,PODCAST,Business,Kannada,False,85,85,839.33,592.47,33,19,38.82
C000690,VIDEO,Animation,Telugu,False,96,95,3568.43,2230.27,41,22,42.71
C000691,VIDEO,Thriller,Tamil,False,88,88,1791.82,1221.69,39,23,44.32
C000692,VIDEO,Drama,English,False,75,75,5010.77,4008.61,35,11,46.67
C000693,PODCAST,Technology,Hindi,True,77,77,1332.05,1037.96,33,13,42.86
C000694,VIDEO,Documentary,English,False,87,86,4321.73,2980.51,34,20,39.08
C000695,VIDEO,Thriller,Hindi,True,94,94,1350.50,862.02,36,18,38.30
C000696,MUSIC,Folk Fusion,English,False,79,78,157.38,119.53,26,21,32.91
C000697,MUSIC,Electronic,Spanish,False,89,88,181.45,122.33,31,23,34.83
C000698,VIDEO,Learning,Tamil,True,75,75,1465.87,1172.69,29,13,38.67
C000699,MUSIC,Instrumental,English,False,97,97,209.58,129.64,44,11,45.36
C000700,MUSIC,Classical,Kannada,False,88,88,233.42,159.15,27,15,30.68
C000701,VIDEO,Comedy,Spanish,True,84,84,2419.12,1727.94,29,13,34.52
C000702,MUSIC,Indie Pop,Korean,False,96,96,297.48,185.93,44,17,45.83
C000703,MUSIC,Jazz,Kannada,False,82,81,173.68,127.09,35,15,42.68
C000704,PODCAST,Culture,Hindi,False,90,89,3860.12,2573.41,24,23,26.67
C000705,VIDEO,Documentary,English,True,89,89,3208.45,2163.0,32,21,35.96
C000706,VIDEO,Animation,English,True,91,91,3353.90,2211.36,35,18,38.46
C000707,VIDEO,Thriller,Telugu,True,87,87,1959.97,1351.7,41,21,47.13
C000708,MUSIC,Jazz,Telugu,False,76,76,315.27,248.89,29,13,38.16
C000709,MUSIC,Classical,English,False,97,97,257.48,159.27,36,22,37.11
C000710,VIDEO,Sports Stories,English,True,74,74,4807.98,3898.36,29,12,39.19
C000711,VIDEO,Comedy,Korean,False,83,83,3174.52,2294.83,36,13,43.37
C000712,VIDEO,Thriller,English,False,92,92,5237.55,3415.79,31,16,33.70
C000713,VIDEO,Thriller,Kannada,True,89,89,2524.60,1701.98,30,18,33.71
C000714,PODCAST,Business,English,False,89,89,1806.72,1218.01,27,13,30.34
C000715,MUSIC,Classical,Korean,False,98,98,399.10,244.35,40,14,40.82
C000716,VIDEO,Sports Stories,English,True,76,76,2300.38,1816.09,25,14,32.89
C000717,MUSIC,Jazz,Telugu,True,101,101,281.02,166.94,35,14,34.65
C000718,PODCAST,Business,English,False,105,104,5493.23,3138.99,40,21,38.10
C000719,MUSIC,Devotional,Tamil,False,71,71,101.22,85.54,27,11,38.03
C000720,VIDEO,Animation,Tamil,False,88,88,3361.00,2291.59,32,21,36.36
C000721,VIDEO,Comedy,Kannada,False,88,88,2813.50,1918.3,29,15,32.95
C000722,MUSIC,Jazz,Hindi,True,73,73,104.90,86.22,33,14,45.21
C000723,PODCAST,Wellbeing,English,False,98,98,2780.57,1702.39,38,23,38.78
C000724,MUSIC,Classical,Telugu,True,76,76,269.90,213.08,28,12,36.84
C000725,MUSIC,Indie Pop,Tamil,True,100,100,250.07,150.04,33,25,33.00
C000726,VIDEO,Drama,English,True,82,82,1372.25,1004.09,26,18,31.71
C000727,VIDEO,Comedy,English,False,89,89,5420.77,3654.45,40,20,44.94
C000728,MUSIC,Electronic,Hindi,False,69,69,241.93,210.38,23,14,33.33
C000729,MUSIC,Indie Pop,Korean,False,88,88,206.52,140.81,32,18,36.36
C000730,VIDEO,Learning,Bengali,False,76,76,2436.45,1923.51,29,22,38.16
C000731,MUSIC,Classical,English,False,89,89,235.23,158.58,33,18,37.08
C000732,VIDEO,Drama,Kannada,False,91,91,4152.55,2737.95,34,17,37.36
C000733,VIDEO,Animation,English,True,80,80,4677.73,3508.3,34,6,42.50
C000734,VIDEO,Drama,Tamil,False,88,88,2998.10,2044.16,31,11,35.23
C000735,MUSIC,Jazz,Hindi,False,91,91,329.30,217.12,34,15,37.36
C000736,MUSIC,Jazz,Korean,False,84,84,302.38,215.99,33,16,39.29
C000737,PODCAST,Business,Telugu,False,99,99,2264.12,1372.19,40,19,40.40
C000738,MUSIC,Classical,English,False,88,87,348.62,237.69,31,15,35.23
C000739,VIDEO,Learning,English,False,91,91,4645.78,3063.15,27,18,29.67
C000740,VIDEO,Sports Stories,Kannada,False,97,95,6168.67,3815.67,36,14,37.11
C000741,MUSIC,Instrumental,Hindi,True,71,71,240.42,203.17,31,9,43.66
C000742,VIDEO,Thriller,English,False,71,71,4896.68,4138.04,30,12,42.25
C000743,MUSIC,Electronic,English,False,77,77,158.78,123.73,29,17,37.66
C000744,VIDEO,Animation,Hindi,False,94,94,2383.95,1521.67,42,24,44.68
C000745,MUSIC,Indie Pop,English,False,97,96,163.63,101.22,33,19,34.02
C000746,MUSIC,Electronic,Kannada,False,71,71,167.17,141.27,35,14,49.30
C000747,VIDEO,Comedy,Telugu,False,92,92,1189.53,775.78,34,15,36.96
C000748,VIDEO,Drama,Kannada,False,112,111,1742.67,933.57,42,28,37.50
C000749,MUSIC,Devotional,Spanish,True,73,73,112.03,92.08,26,12,35.62
C000750,VIDEO,Comedy,Spanish,False,82,82,906.28,663.13,25,20,30.49
C000751,VIDEO,Animation,English,False,89,89,2185.87,1473.62,30,24,33.71
C000752,VIDEO,Animation,Kannada,False,97,96,5517.25,3412.73,36,18,37.11
C000753,MUSIC,Classical,English,True,94,94,187.63,119.77,34,22,36.17
C000754,VIDEO,Learning,English,False,101,101,5253.35,3120.8,34,23,33.66
C000755,VIDEO,Comedy,English,False,87,87,3364.15,2320.1,32,12,36.78
C000756,VIDEO,Comedy,English,False,106,105,6900.33,3905.85,47,20,44.34
C000757,VIDEO,Learning,English,False,92,92,1574.15,1026.62,39,15,42.39
C000758,VIDEO,Drama,Hindi,True,95,95,4597.72,2903.82,41,22,43.16
C000759,VIDEO,Documentary,Telugu,False,76,76,1239.58,978.62,30,14,39.47
C000760,VIDEO,Comedy,Telugu,False,86,86,1325.18,924.55,43,15,50.00
C000761,MUSIC,Indie Pop,English,True,74,74,229.97,186.46,29,20,39.19
C000762,MUSIC,Devotional,Kannada,True,77,77,144.15,112.32,35,14,45.45
C000763,MUSIC,Jazz,Spanish,False,81,81,319.07,236.35,37,16,45.68
C000764,VIDEO,Sports Stories,Spanish,False,87,87,4277.60,2950.07,28,17,32.18
C000765,VIDEO,Sports Stories,English,False,80,79,4323.80,3242.85,30,15,37.50
C000766,VIDEO,Comedy,Hindi,False,94,94,2951.12,1883.69,32,18,34.04
C000767,MUSIC,Devotional,Tamil,False,85,85,278.87,196.85,30,15,35.29
C000768,MUSIC,Folk Fusion,Kannada,True,82,82,133.07,97.37,34,16,41.46
C000769,MUSIC,Indie Pop,English,False,83,83,227.02,164.11,28,17,33.73
C000770,VIDEO,Learning,Kannada,False,84,84,1414.50,1010.36,39,15,46.43
C000771,PODCAST,Business,English,False,83,83,1473.57,1065.23,40,21,48.19
C000772,MUSIC,Jazz,Kannada,False,78,78,138.88,106.83,30,21,38.46
C000773,MUSIC,Electronic,Tamil,False,88,87,269.62,183.83,34,18,38.64
C000774,MUSIC,Devotional,English,False,91,91,166.45,109.75,39,15,42.86
C000775,VIDEO,Sports Stories,Korean,False,67,67,4232.82,3790.58,25,13,37.31
C000776,VIDEO,Learning,English,True,84,84,4761.87,3401.33,32,13,38.10
C000777,MUSIC,Classical,Tamil,False,86,86,227.93,159.02,37,14,43.02
C000778,VIDEO,Drama,English,False,94,94,4612.88,2944.39,38,22,40.43
C000779,VIDEO,Animation,English,True,87,87,1272.42,877.53,36,14,41.38
C000780,MUSIC,Devotional,Tamil,True,83,82,215.70,155.93,29,15,34.94
C000781,VIDEO,Comedy,Spanish,False,97,97,6868.62,4248.63,39,19,40.21
C000782,PODCAST,Business,Korean,False,99,98,3386.45,2052.39,37,16,37.37
C000783,MUSIC,Instrumental,English,False,95,95,132.20,83.49,36,10,37.89
C000784,VIDEO,Learning,Kannada,True,88,88,5740.30,3913.84,42,11,47.73
C000785,MUSIC,Folk Fusion,English,False,89,89,320.23,215.89,32,22,35.96
C000786,PODCAST,Culture,Kannada,True,91,91,3447.12,2272.82,36,16,39.56
C000787,VIDEO,Animation,Kannada,True,92,91,1791.82,1168.58,45,9,48.91
C000788,PODCAST,Technology,English,False,78,78,3040.83,2339.1,27,15,34.62
C000789,PODCAST,Wellbeing,English,False,72,72,3116.65,2597.21,27,16,37.50
C000790,VIDEO,Drama,Telugu,False,80,79,2261.10,1695.83,33,19,41.25
C000791,VIDEO,Drama,English,False,96,96,5755.55,3597.22,36,19,37.50
C000792,MUSIC,Classical,English,False,86,86,299.20,208.74,38,18,44.19
C000793,VIDEO,Comedy,Hindi,False,99,99,3661.70,2219.21,32,22,32.32
C000794,VIDEO,Learning,Korean,True,87,87,6078.03,4191.75,35,10,40.23
C000795,MUSIC,Instrumental,Hindi,True,80,80,207.70,155.78,30,11,37.50
C000796,VIDEO,Comedy,English,False,96,95,1684.83,1053.02,32,15,33.33
C000797,PODCAST,History,Spanish,False,80,80,4262.38,3196.79,29,13,36.25
C000798,MUSIC,Indie Pop,English,True,87,87,222.42,153.39,33,18,37.93
C000799,VIDEO,Animation,English,False,80,80,1735.93,1301.95,28,18,35.00
C000800,VIDEO,Learning,Spanish,False,88,88,2385.05,1626.17,35,14,39.77
C000801,VIDEO,Animation,English,False,83,83,3204.02,2316.16,32,18,38.55
C000802,MUSIC,Instrumental,English,False,87,87,136.87,94.39,32,20,36.78
C000803,MUSIC,Folk Fusion,Spanish,False,84,84,135.45,96.75,34,14,40.48
C000804,VIDEO,Animation,English,False,85,85,4008.18,2829.31,36,14,42.35
C000805,VIDEO,Documentary,Korean,False,116,115,3440.58,1779.61,40,27,34.48
C000806,PODCAST,Culture,Hindi,False,70,70,1560.12,1337.24,24,22,34.29
C000807,VIDEO,Comedy,Hindi,False,74,74,1024.27,830.49,29,16,39.19
C000808,VIDEO,Documentary,Kannada,False,91,90,5131.10,3383.14,36,18,39.56
C000809,VIDEO,Drama,English,False,84,84,3640.22,2600.15,34,9,40.48
C000810,PODCAST,History,Telugu,False,98,98,1364.08,835.15,37,18,37.76
C000811,VIDEO,Sports Stories,Telugu,False,89,89,2007.68,1353.49,42,8,47.19
C000812,PODCAST,Culture,Hindi,False,83,83,1249.98,903.6,26,18,31.33
C000813,VIDEO,Learning,Hindi,False,99,99,5494.30,3329.88,40,18,40.40
C000814,VIDEO,Sports Stories,Bengali,True,83,83,4018.58,2905.0,28,25,33.73
C000815,MUSIC,Classical,Hindi,True,93,92,206.83,133.44,32,22,34.41
C000816,VIDEO,Animation,Hindi,True,77,77,2069.07,1612.26,38,13,49.35
C000817,MUSIC,Instrumental,English,False,75,75,233.20,186.56,32,7,42.67
C000818,PODCAST,Culture,Bengali,True,98,98,704.10,431.08,38,18,38.78
C000819,VIDEO,Sports Stories,Hindi,False,85,85,4327.92,3055.0,29,12,34.12
C000820,VIDEO,Comedy,Kannada,True,61,61,2661.42,2617.79,15,11,24.59
C000821,VIDEO,Thriller,Spanish,False,99,98,6738.42,4083.89,32,12,32.32
C000822,MUSIC,Jazz,Kannada,True,83,83,265.42,191.87,33,18,39.76
C000823,MUSIC,Instrumental,Bengali,False,72,72,231.92,193.26,29,14,40.28
C000824,PODCAST,Careers,English,False,77,77,522.78,407.36,26,19,33.77
C000825,MUSIC,Folk Fusion,English,False,85,85,101.78,71.85,24,21,28.24
C000826,VIDEO,Thriller,Spanish,False,83,83,2543.90,1838.96,29,18,34.94
C000827,MUSIC,Indie Pop,English,True,99,99,348.20,211.03,33,22,33.33
C000828,PODCAST,Business,Tamil,False,85,85,809.65,571.52,40,11,47.06
C000829,MUSIC,Electronic,Korean,False,100,100,383.67,230.2,38,20,38.00
C000830,VIDEO,Comedy,English,False,87,87,3865.12,2665.6,33,15,37.93
C000831,MUSIC,Instrumental,Korean,False,108,108,470.30,261.28,40,23,37.04
C000832,VIDEO,Thriller,Tamil,False,84,84,5564.85,3974.89,31,9,36.90
C000833,VIDEO,Animation,Bengali,False,65,65,3768.00,3478.15,25,17,38.46
C000834,VIDEO,Sports Stories,English,False,70,70,1155.43,990.37,25,15,35.71
C000835,VIDEO,Animation,Kannada,False,87,87,2309.53,1592.78,36,15,41.38
C000836,VIDEO,Comedy,English,False,85,85,5971.58,4215.24,38,14,44.71
C000837,MUSIC,Devotional,Hindi,False,79,79,223.38,169.66,32,8,40.51
C000838,MUSIC,Instrumental,Tamil,True,78,78,249.82,192.17,33,14,42.31
C000839,VIDEO,Thriller,English,False,92,92,3827.15,2495.97,36,13,39.13
C000840,MUSIC,Electronic,English,False,78,78,145.05,111.58,24,25,30.77
C000841,MUSIC,Instrumental,Telugu,False,95,95,150.23,94.88,41,21,43.16
C000842,MUSIC,Folk Fusion,Hindi,False,81,81,260.43,192.91,29,23,35.80
C000843,MUSIC,Folk Fusion,English,False,83,82,231.43,167.3,30,17,36.14
C000844,VIDEO,Thriller,Tamil,False,92,92,3344.85,2181.42,47,15,51.09
C000845,VIDEO,Comedy,Korean,False,94,94,2780.15,1774.56,30,27,31.91
C000846,MUSIC,Jazz,Telugu,False,87,87,309.15,213.21,30,18,34.48
C000847,MUSIC,Devotional,English,True,103,103,264.08,153.83,45,18,43.69
C000848,VIDEO,Thriller,English,True,76,76,1264.48,998.28,33,7,43.42
C000849,VIDEO,Documentary,Hindi,True,94,94,6395.48,4082.22,32,26,34.04
C000850,VIDEO,Sports Stories,Hindi,False,93,93,4182.58,2698.44,32,14,34.41
C000851,MUSIC,Electronic,Tamil,False,91,91,191.53,126.29,31,20,34.07
C000852,MUSIC,Instrumental,English,True,94,94,117.82,75.2,34,24,36.17
C000853,MUSIC,Indie Pop,Hindi,False,86,86,276.17,192.67,39,13,45.35
C000854,VIDEO,Learning,English,True,113,113,8524.15,4526.1,50,21,44.25
C000855,MUSIC,Devotional,Telugu,False,81,81,173.83,128.77,29,16,35.80
C000856,VIDEO,Thriller,Kannada,True,81,81,3415.27,2529.83,28,12,34.57
C000857,MUSIC,Indie Pop,English,True,92,92,233.10,152.02,38,18,41.30
C000858,MUSIC,Instrumental,Kannada,False,81,80,286.45,212.19,30,16,37.04
C000859,MUSIC,Indie Pop,English,True,99,99,185.08,112.17,31,21,31.31
C000860,VIDEO,Sports Stories,Telugu,False,82,82,1846.48,1351.09,34,10,41.46
C000861,VIDEO,Comedy,Kannada,True,97,97,4188.07,2590.56,33,26,34.02
C000862,MUSIC,Devotional,Telugu,False,86,86,284.68,198.62,35,12,40.70
C000863,VIDEO,Learning,Kannada,False,81,81,2930.13,2170.47,37,15,45.68
C000864,VIDEO,Sports Stories,Hindi,True,80,80,4727.25,3545.44,38,16,47.50
C000865,VIDEO,Learning,Kannada,False,86,86,4621.32,3224.17,46,11,53.49
C000866,VIDEO,Thriller,English,False,63,63,2076.58,1977.7,20,13,31.75
C000867,VIDEO,Comedy,Spanish,False,88,88,1227.05,836.63,32,15,36.36
C000868,VIDEO,Animation,Hindi,False,81,81,4558.73,3376.84,37,10,45.68
C000869,MUSIC,Jazz,Spanish,False,91,91,379.45,250.19,34,17,37.36
C000870,PODCAST,Careers,Hindi,False,78,77,3403.57,2618.13,25,16,32.05
C000871,MUSIC,Electronic,Telugu,False,81,81,154.45,114.41,30,21,37.04
C000872,VIDEO,Thriller,Tamil,False,98,98,4984.75,3051.89,38,18,38.78
C000873,PODCAST,Business,Hindi,False,82,82,2086.67,1526.83,40,11,48.78
C000874,VIDEO,Drama,English,False,82,82,3617.63,2647.05,34,10,41.46
C000875,MUSIC,Jazz,Bengali,True,96,96,343.82,214.89,36,20,37.50
C000876,VIDEO,Documentary,Korean,True,81,81,3788.82,2806.53,39,17,48.15
C000877,VIDEO,Animation,Hindi,True,76,76,2707.57,2137.55,29,13,38.16
C000878,PODCAST,Careers,English,True,93,93,4822.47,3111.27,33,15,35.48
C000879,VIDEO,Comedy,Tamil,False,96,96,6340.35,3962.72,39,16,40.63
C000880,VIDEO,Comedy,English,False,89,89,3990.28,2690.08,35,18,39.33
C000881,VIDEO,Drama,Hindi,False,92,92,4263.53,2780.57,38,18,41.30
C000882,MUSIC,Classical,Bengali,False,80,79,242.45,181.84,31,10,38.75
C000883,VIDEO,Animation,Korean,False,87,87,2903.05,2002.1,35,13,40.23
C000884,VIDEO,Documentary,English,False,90,90,5862.85,3908.57,33,20,36.67
C000885,MUSIC,Indie Pop,English,False,102,102,302.38,177.87,35,22,34.31
C000886,PODCAST,Careers,English,False,63,63,2732.18,2602.08,23,12,36.51
C000887,VIDEO,Drama,English,False,82,80,5857.63,4286.07,40,13,48.78
C000888,PODCAST,Culture,English,True,88,88,1091.43,744.16,36,16,40.91
C000889,MUSIC,Electronic,English,False,94,94,314.05,200.46,35,21,37.23
C000890,MUSIC,Classical,Bengali,False,75,75,133.52,106.81,26,20,34.67
C000891,VIDEO,Learning,Korean,False,81,81,2484.57,1840.42,31,23,38.27
C000892,PODCAST,Science,Hindi,True,80,80,2566.55,1924.91,22,16,27.50
C000893,VIDEO,Comedy,English,False,88,87,3013.58,2054.72,38,14,43.18
C000894,VIDEO,Drama,Hindi,True,77,77,1078.32,840.25,26,12,33.77
C000895,VIDEO,Comedy,Telugu,False,91,91,1365.52,900.34,30,14,32.97
C000896,VIDEO,Comedy,English,True,82,81,2200.50,1610.12,27,15,32.93
C000897,MUSIC,Folk Fusion,Hindi,False,82,82,196.08,143.48,29,15,35.37
C000898,MUSIC,Instrumental,English,False,76,76,257.03,202.92,34,8,44.74
C000899,PODCAST,Culture,English,True,86,86,1051.23,733.42,33,11,38.37
C000900,VIDEO,Documentary,Hindi,False,90,90,1891.77,1261.18,37,18,41.11
C000901,VIDEO,Sports Stories,Telugu,False,90,90,3443.92,2295.94,37,14,41.11
C000902,MUSIC,Jazz,English,False,85,85,221.53,156.38,28,19,32.94
C000903,VIDEO,Documentary,Hindi,False,80,80,5941.20,4455.9,35,11,43.75
C000904,VIDEO,Sports Stories,Hindi,False,84,84,5558.93,3970.67,37,13,44.05
C000905,PODCAST,Culture,Tamil,False,87,87,2853.65,1968.03,30,18,34.48
C000906,VIDEO,Animation,Telugu,False,77,77,5383.45,4194.9,28,16,36.36
C000907,MUSIC,Indie Pop,Tamil,False,81,81,233.07,172.64,32,14,39.51
C000908,VIDEO,Learning,English,False,84,84,3737.40,2669.57,32,15,38.10
C000909,PODCAST,Business,English,False,88,87,4164.85,2839.67,33,17,37.50
C000910,VIDEO,Documentary,Tamil,False,87,87,3685.72,2541.87,25,27,28.74
C000911,VIDEO,Thriller,Telugu,False,82,82,4468.77,3269.83,33,17,40.24
C000912,VIDEO,Animation,English,True,78,78,2520.00,1938.46,30,13,38.46
C000913,MUSIC,Folk Fusion,English,False,86,86,333.72,232.83,30,11,34.88
C000914,VIDEO,Animation,Tamil,True,96,96,5176.75,3235.47,35,13,36.46
C000915,VIDEO,Thriller,Hindi,True,71,71,5342.67,4514.93,29,12,40.85
C000916,VIDEO,Comedy,English,False,93,93,6077.17,3920.75,33,17,35.48
C000917,MUSIC,Indie Pop,Hindi,False,98,98,133.10,81.49,35,16,35.71
C000918,VIDEO,Thriller,Tamil,False,97,96,6549.25,4051.08,34,19,35.05
C000919,VIDEO,Thriller,English,True,81,81,4236.83,3138.4,35,16,43.21
C000920,VIDEO,Drama,Bengali,False,91,91,5216.07,3439.16,40,15,43.96
C000921,MUSIC,Jazz,English,False,95,95,218.83,138.21,34,24,35.79
C000922,VIDEO,Thriller,Hindi,False,82,82,1795.37,1313.68,29,15,35.37
C000923,MUSIC,Classical,English,False,91,91,255.43,168.42,25,19,27.47
C000924,MUSIC,Instrumental,English,False,84,84,239.40,171.0,38,15,45.24
C000925,MUSIC,Jazz,Telugu,True,79,79,250.60,190.33,32,16,40.51
C000926,MUSIC,Classical,Hindi,True,85,85,336.75,237.71,23,26,27.06
C000927,PODCAST,Wellbeing,Korean,False,80,80,2185.73,1639.3,27,23,33.75
C000928,MUSIC,Devotional,Kannada,False,78,78,157.52,121.17,28,21,35.90
C000929,VIDEO,Comedy,English,False,65,65,4175.52,3854.32,22,14,33.85
C000930,VIDEO,Drama,Tamil,False,101,101,1427.08,847.77,41,21,40.59
C000931,VIDEO,Comedy,Spanish,False,97,97,5593.47,3459.88,40,16,41.24
C000932,VIDEO,Documentary,English,False,71,71,4065.15,3435.34,30,19,42.25
C000933,MUSIC,Classical,English,False,86,86,140.42,97.97,27,18,31.40
C000934,MUSIC,Classical,English,False,82,82,158.93,116.29,24,22,29.27
C000935,VIDEO,Drama,English,False,89,89,6315.28,4257.49,39,14,43.82
C000936,VIDEO,Learning,Tamil,True,77,77,5606.37,4368.6,44,12,57.14
C000937,MUSIC,Jazz,English,False,96,96,432.08,270.05,41,15,42.71
C000938,MUSIC,Devotional,Hindi,False,89,89,305.92,206.24,28,19,31.46
C000939,MUSIC,Indie Pop,Spanish,False,93,93,189.60,122.32,31,17,33.33
C000940,VIDEO,Drama,English,False,75,75,2646.18,2116.95,22,12,29.33
C000941,PODCAST,Business,Kannada,False,89,89,2072.62,1397.27,31,18,34.83
C000942,PODCAST,History,English,False,90,90,1317.62,878.41,40,17,44.44
C000943,PODCAST,Science,Telugu,True,61,61,3331.80,3277.18,27,13,44.26
C000944,VIDEO,Animation,English,False,79,79,3147.47,2390.48,29,19,36.71
C000945,VIDEO,Documentary,English,False,85,85,1857.17,1310.94,26,15,30.59
C000946,VIDEO,Learning,Telugu,False,81,81,5054.80,3744.3,35,12,43.21
C000947,MUSIC,Classical,Kannada,False,73,73,114.23,93.89,24,19,32.88
C000948,VIDEO,Drama,English,False,104,104,2595.38,1497.34,39,24,37.50
C000949,MUSIC,Devotional,English,True,88,88,115.80,78.95,30,14,34.09
C000950,PODCAST,Technology,Bengali,True,75,75,1188.83,951.07,32,10,42.67
C000951,MUSIC,Jazz,Telugu,False,85,85,216.17,152.59,28,13,32.94
C000952,VIDEO,Sports Stories,Hindi,True,81,81,5710.27,4229.83,23,15,28.40
C000953,MUSIC,Devotional,Kannada,False,92,92,261.02,170.23,37,19,40.22
C000954,VIDEO,Learning,English,False,89,89,5823.02,3925.63,30,22,33.71
C000955,VIDEO,Animation,Hindi,False,92,92,5417.40,3533.09,23,25,25.00
C000956,VIDEO,Comedy,Hindi,True,82,82,5057.48,3700.6,25,21,30.49
C000957,PODCAST,Careers,English,False,71,71,1999.65,1689.85,31,10,43.66
C000958,MUSIC,Instrumental,Hindi,False,67,67,267.85,239.87,26,16,38.81
C000959,MUSIC,Jazz,English,False,104,104,175.52,101.26,38,19,36.54
C000960,PODCAST,Business,Tamil,True,92,91,1202.00,783.91,44,17,47.83
C000961,MUSIC,Folk Fusion,English,True,59,59,76.05,77.34,15,17,25.42
C000962,PODCAST,Careers,English,False,76,76,2773.07,2189.26,38,11,50.00
C000963,MUSIC,Folk Fusion,Kannada,False,87,87,210.18,144.95,32,20,36.78
C000964,MUSIC,Instrumental,English,False,91,91,199.27,131.38,35,14,38.46
C000965,MUSIC,Devotional,Hindi,False,86,86,354.63,247.42,35,18,40.70
C000966,MUSIC,Devotional,Hindi,False,73,73,197.63,162.44,23,22,31.51
C000967,VIDEO,Comedy,Hindi,False,102,101,6313.75,3713.97,34,19,33.33
C000968,PODCAST,Science,Kannada,False,99,98,3287.20,1992.24,29,16,29.29
C000969,MUSIC,Instrumental,English,False,88,88,295.48,201.47,32,12,36.36
C000970,VIDEO,Drama,English,False,84,84,3307.07,2362.19,38,11,45.24
C000971,MUSIC,Jazz,Hindi,False,79,79,317.68,241.28,24,15,30.38
C000972,VIDEO,Learning,English,False,81,81,1358.27,1006.12,34,20,41.98
C000973,VIDEO,Learning,Spanish,False,101,101,2171.32,1289.89,36,18,35.64
C000974,PODCAST,Technology,Spanish,False,89,89,2262.25,1525.11,43,15,48.31
C000975,PODCAST,Culture,English,False,91,91,2387.37,1574.09,34,15,37.36
C000976,VIDEO,Comedy,Hindi,False,91,91,2449.97,1615.36,30,23,32.97
C000977,VIDEO,Drama,Bengali,False,84,84,1010.90,722.07,29,14,34.52
C000978,VIDEO,Learning,English,True,74,74,3327.50,2697.97,26,15,35.14
C000979,PODCAST,Wellbeing,English,False,86,86,736.68,513.97,27,17,31.40
C000980,MUSIC,Instrumental,Kannada,False,86,86,158.98,110.92,28,24,32.56
C000981,MUSIC,Indie Pop,English,False,82,82,293.08,214.45,31,16,37.80
C000982,VIDEO,Drama,Hindi,True,78,78,4000.53,3077.33,31,21,39.74
C000983,MUSIC,Devotional,English,False,95,94,360.93,227.96,29,19,30.53
C000984,MUSIC,Indie Pop,English,False,81,80,200.15,148.26,27,15,33.33
C000985,MUSIC,Devotional,Tamil,False,64,64,229.38,215.05,18,15,28.13
C000986,MUSIC,Jazz,English,True,83,82,334.52,241.82,31,15,37.35
C000987,VIDEO,Documentary,Hindi,False,94,93,5302.40,3384.51,29,20,30.85
C000988,MUSIC,Indie Pop,Tamil,False,95,95,331.30,209.24,36,16,37.89
C000989,MUSIC,Instrumental,Tamil,False,111,111,365.27,197.44,30,24,27.03
C000990,VIDEO,Drama,Telugu,False,93,93,2295.50,1480.97,37,21,39.78
C000991,VIDEO,Documentary,English,False,85,85,4593.98,3242.81,29,18,34.12
C000992,MUSIC,Folk Fusion,English,True,74,74,297.63,241.32,25,11,33.78
C000993,VIDEO,Documentary,Spanish,False,78,78,1455.78,1119.83,23,18,29.49
C000994,VIDEO,Learning,English,False,105,105,6484.27,3705.3,43,16,40.95
C000995,VIDEO,Comedy,Kannada,False,96,96,6376.23,3985.15,41,19,42.71
C000996,MUSIC,Folk Fusion,English,False,90,90,104.83,69.89,27,22,30.00
C000997,PODCAST,Wellbeing,Korean,False,87,87,3422.17,2360.11,22,16,25.29
C000998,VIDEO,Documentary,English,True,87,87,6524.60,4499.72,40,18,45.98
C000999,VIDEO,Sports Stories,Tamil,False,75,75,1135.35,908.28,25,18,33.33
C001000,VIDEO,Animation,Hindi,False,84,84,1964.68,1403.35,31,20,36.90
C001001,MUSIC,Instrumental,Hindi,False,86,86,155.58,108.55,38,15,44.19
C001002,MUSIC,Devotional,English,False,85,85,348.88,246.27,32,12,37.65
C001003,MUSIC,Classical,Kannada,False,77,77,189.27,147.48,34,13,44.16
C001004,VIDEO,Drama,English,True,91,91,1923.07,1267.96,30,18,32.97
C001005,MUSIC,Folk Fusion,Hindi,False,89,89,357.55,241.04,38,12,42.70
C001006,VIDEO,Comedy,Kannada,True,83,83,5282.83,3818.92,35,11,42.17
C001007,MUSIC,Devotional,English,False,82,82,346.32,253.4,39,13,47.56
C001008,MUSIC,Classical,Hindi,False,91,91,244.35,161.11,30,14,32.97
C001009,VIDEO,Sports Stories,Korean,False,102,101,1768.67,1040.39,35,17,34.31
C001010,MUSIC,Folk Fusion,Telugu,True,91,89,315.98,208.34,41,18,45.05
C001011,PODCAST,Technology,Bengali,True,98,97,5939.75,3636.58,42,7,42.86
C001012,VIDEO,Drama,Bengali,True,77,77,5434.18,4234.43,34,9,44.16
C001013,PODCAST,Business,English,False,71,71,3724.12,3147.14,29,13,40.85
C001014,VIDEO,Documentary,Korean,True,86,86,3238.30,2259.28,33,21,38.37
C001015,MUSIC,Folk Fusion,English,False,76,76,167.53,132.26,29,12,38.16
C001016,VIDEO,Drama,English,True,89,89,1795.67,1210.56,31,21,34.83
C001017,MUSIC,Electronic,Hindi,False,78,78,324.17,249.36,22,11,28.21
C001018,VIDEO,Learning,Tamil,False,91,91,1648.40,1086.86,33,17,36.26
C001019,VIDEO,Sports Stories,English,False,78,78,3481.12,2677.78,30,20,38.46
C001020,VIDEO,Thriller,English,False,105,105,4572.97,2613.12,33,21,31.43
C001021,VIDEO,Sports Stories,Hindi,False,72,72,3863.68,3219.74,29,13,40.28
C001022,MUSIC,Indie Pop,English,False,76,76,147.38,116.36,29,17,38.16
C001023,MUSIC,Folk Fusion,Korean,False,78,78,156.48,120.37,28,12,35.90
C001024,VIDEO,Documentary,Bengali,True,97,97,4653.48,2878.44,39,23,40.21
C001025,MUSIC,Folk Fusion,English,False,75,75,132.63,106.11,27,13,36.00
C001026,PODCAST,Technology,English,False,82,81,772.42,565.18,27,15,32.93
C001027,MUSIC,Devotional,English,False,85,85,337.98,238.58,32,15,37.65
C001028,VIDEO,Documentary,English,False,67,67,1000.73,896.18,25,11,37.31
C001029,VIDEO,Sports Stories,English,True,91,91,4714.55,3108.49,28,16,30.77
C001030,VIDEO,Thriller,Hindi,False,82,82,3225.73,2360.29,37,14,45.12
C001031,VIDEO,Comedy,English,False,80,80,2759.30,2069.48,24,12,30.00
C001032,PODCAST,Science,Korean,False,77,77,686.97,535.3,31,16,40.26
C001033,PODCAST,Wellbeing,Telugu,False,65,65,513.13,473.66,27,14,41.54
C001034,PODCAST,Technology,Bengali,True,85,85,2631.53,1857.55,31,18,36.47
C001035,VIDEO,Learning,Korean,False,90,89,4776.42,3184.28,29,17,32.22
C001036,PODCAST,Wellbeing,Hindi,True,88,88,1158.25,789.72,40,20,45.45
C001037,MUSIC,Classical,Hindi,False,80,80,232.88,174.66,28,13,35.00
C001038,VIDEO,Thriller,English,False,93,93,3392.48,2188.7,38,18,40.86
C001039,MUSIC,Jazz,Hindi,False,91,91,290.45,191.51,38,15,41.76
C001040,VIDEO,Documentary,Telugu,False,87,87,5030.87,3469.56,36,17,41.38
C001041,PODCAST,Business,English,False,87,87,3721.62,2566.63,36,15,41.38
C001042,VIDEO,Thriller,Hindi,False,99,99,5113.55,3099.12,36,15,36.36
C001043,VIDEO,Sports Stories,Tamil,False,89,89,1942.37,1309.46,38,13,42.70
C001044,VIDEO,Learning,Hindi,False,102,102,7073.88,4161.11,42,20,41.18
C001045,MUSIC,Folk Fusion,English,False,93,92,229.02,147.75,27,17,29.03
C001046,MUSIC,Indie Pop,Hindi,False,83,83,110.57,79.93,26,10,31.33
C001047,VIDEO,Drama,Spanish,False,84,83,2137.52,1526.8,26,18,30.95
C001048,MUSIC,Jazz,English,True,77,77,100.13,78.03,31,15,40.26
C001049,VIDEO,Comedy,Kannada,False,97,97,3089.50,1911.03,37,22,38.14
C001050,MUSIC,Devotional,Hindi,False,102,102,399.25,234.85,33,20,32.35
C001051,MUSIC,Indie Pop,Telugu,False,77,77,141.47,110.23,30,11,38.96
C001052,VIDEO,Sports Stories,Bengali,False,87,87,1543.87,1064.74,32,17,36.78
C001053,VIDEO,Sports Stories,Kannada,False,69,68,2999.83,2608.55,28,13,40.58
C001054,MUSIC,Instrumental,Bengali,False,97,97,202.35,125.16,34,15,35.05
C001055,MUSIC,Folk Fusion,English,True,73,73,138.00,113.42,28,18,38.36
C001056,VIDEO,Sports Stories,Spanish,False,78,77,3965.85,3050.65,32,14,41.03
C001057,PODCAST,Careers,English,False,78,78,2537.12,1951.63,32,21,41.03
C001058,MUSIC,Indie Pop,Hindi,False,80,80,310.53,232.9,27,16,33.75
C001059,MUSIC,Classical,Spanish,False,92,92,133.22,86.88,33,12,35.87
C001060,VIDEO,Comedy,English,True,96,96,7540.97,4713.1,44,16,45.83
C001061,MUSIC,Jazz,English,False,83,83,288.50,208.55,25,11,30.12
C001062,PODCAST,Science,Spanish,False,92,92,2675.62,1744.97,31,16,33.70
C001063,VIDEO,Sports Stories,Kannada,False,68,68,1667.80,1471.59,35,11,51.47
C001064,PODCAST,Science,Tamil,True,83,83,4002.70,2893.52,27,11,32.53
C001065,MUSIC,Classical,Korean,True,89,89,171.35,115.52,28,21,31.46
C001066,MUSIC,Electronic,Hindi,False,92,92,327.40,213.52,33,21,35.87
C001067,VIDEO,Animation,Spanish,False,91,91,6450.02,4252.76,37,19,40.66
C001068,MUSIC,Electronic,English,True,77,77,260.15,202.71,31,14,40.26
C001069,PODCAST,Business,English,False,93,93,1655.65,1068.16,33,10,35.48
C001070,MUSIC,Classical,Korean,False,76,76,112.80,89.05,24,15,31.58
C001071,VIDEO,Sports Stories,Hindi,False,92,92,1277.03,832.85,33,24,35.87
C001072,VIDEO,Sports Stories,English,True,100,100,5693.57,3416.14,40,15,40.00
C001073,VIDEO,Thriller,English,True,86,86,2091.42,1459.13,31,22,36.05
C001074,VIDEO,Drama,Hindi,False,81,81,1090.17,807.53,29,16,35.80
C001075,VIDEO,Thriller,Telugu,False,94,94,1729.20,1103.74,33,22,35.11
C001076,MUSIC,Devotional,English,False,82,82,237.03,173.44,35,17,42.68
C001077,VIDEO,Sports Stories,Bengali,True,78,78,2029.63,1561.26,26,18,33.33
C001078,MUSIC,Instrumental,Hindi,True,99,98,185.45,112.39,27,24,27.27
C001079,VIDEO,Comedy,Korean,False,79,78,4669.33,3546.33,26,14,32.91
C001080,VIDEO,Learning,English,False,83,83,2580.70,1865.57,29,14,34.94
C001081,VIDEO,Animation,English,True,104,104,7173.07,4138.31,36,26,34.62
C001082,PODCAST,Business,Hindi,False,63,63,1439.88,1371.32,26,13,41.27
C001083,PODCAST,Careers,English,False,96,96,2362.63,1476.65,35,16,36.46
C001084,VIDEO,Learning,English,True,76,76,4243.70,3350.29,21,17,27.63
C001085,MUSIC,Instrumental,Tamil,False,95,95,410.93,259.54,38,14,40.00
C001086,VIDEO,Documentary,English,True,79,79,4501.58,3418.92,22,18,27.85
C001087,MUSIC,Classical,Hindi,False,96,96,350.52,219.07,33,17,34.38
C001088,MUSIC,Folk Fusion,Telugu,False,70,70,150.32,128.84,35,8,50.00
C001089,VIDEO,Learning,English,False,77,76,1842.07,1435.38,36,12,46.75
C001090,PODCAST,Culture,Kannada,False,102,102,4627.13,2721.84,36,22,35.29
C001091,MUSIC,Instrumental,Telugu,True,88,87,241.25,164.49,36,16,40.91
C001092,VIDEO,Thriller,Hindi,True,71,70,3639.33,3075.49,24,17,33.80
C001093,MUSIC,Folk Fusion,English,False,88,88,269.28,183.6,34,18,38.64
C001094,VIDEO,Learning,Hindi,False,83,83,5495.02,3972.3,31,15,37.35
C001095,MUSIC,Classical,English,False,92,91,351.93,229.52,45,16,48.91
C001096,VIDEO,Comedy,English,True,78,78,2211.63,1701.26,32,8,41.03
C001097,MUSIC,Folk Fusion,Telugu,False,96,96,424.82,265.51,41,18,42.71
C001098,MUSIC,Classical,Hindi,False,84,84,181.43,129.6,34,13,40.48
C001099,MUSIC,Instrumental,English,False,91,91,168.35,111.0,34,16,37.36
C001100,MUSIC,Indie Pop,English,False,77,77,229.60,178.91,29,18,37.66
C001101,MUSIC,Instrumental,Bengali,False,78,78,178.82,137.55,30,21,38.46
C001102,MUSIC,Jazz,Telugu,False,86,86,340.03,237.23,33,20,38.37
C001103,MUSIC,Electronic,Tamil,False,92,92,214.95,140.18,32,15,34.78
C001104,VIDEO,Drama,Hindi,False,64,63,2328.58,2183.05,25,10,39.06
C001105,MUSIC,Jazz,Telugu,True,76,76,259.63,204.97,32,7,42.11
C001106,MUSIC,Classical,Spanish,False,74,74,121.72,98.69,35,17,47.30
C001107,VIDEO,Animation,Tamil,True,86,86,3167.22,2209.69,30,16,34.88
C001108,VIDEO,Sports Stories,English,False,98,96,5585.63,3419.78,30,27,30.61
C001109,VIDEO,Drama,English,False,92,92,2141.62,1396.71,34,20,36.96
C001110,PODCAST,Science,Hindi,False,103,102,2862.35,1667.39,41,23,39.81
C001111,MUSIC,Instrumental,Telugu,False,82,82,186.20,136.24,29,13,35.37
C001112,PODCAST,History,Korean,False,70,70,2574.22,2206.47,24,12,34.29
C001113,MUSIC,Devotional,English,True,78,78,259.95,199.96,29,10,37.18
C001114,PODCAST,Culture,English,False,81,81,1684.53,1247.8,36,14,44.44
C001115,MUSIC,Devotional,English,False,85,85,256.73,181.22,31,14,36.47
C001116,MUSIC,Electronic,English,False,94,94,192.90,123.13,37,12,39.36
C001117,MUSIC,Electronic,English,False,85,85,201.35,142.13,24,22,28.24
C001118,MUSIC,Folk Fusion,English,True,77,77,248.53,193.66,22,17,28.57
C001119,MUSIC,Instrumental,Telugu,False,85,85,330.10,233.01,39,14,45.88
C001120,PODCAST,Science,Hindi,False,94,94,4671.30,2981.68,39,15,41.49
C001121,VIDEO,Drama,English,False,105,105,2825.20,1614.4,40,17,38.10
C001122,PODCAST,Business,Telugu,True,96,96,808.82,505.51,36,19,37.50
C001123,MUSIC,Indie Pop,English,False,74,74,249.57,202.35,25,25,33.78
C001124,VIDEO,Drama,English,False,87,87,2585.22,1782.91,35,14,40.23
C001125,VIDEO,Learning,English,False,90,90,2307.57,1538.38,30,20,33.33
C001126,VIDEO,Documentary,English,False,82,82,3317.73,2427.61,29,17,35.37
C001127,MUSIC,Folk Fusion,English,False,92,92,161.58,105.38,36,14,39.13
C001128,MUSIC,Indie Pop,Telugu,True,74,74,159.55,129.36,22,18,29.73
C001129,PODCAST,Wellbeing,English,False,75,75,2878.92,2303.13,18,18,24.00
C001130,VIDEO,Comedy,Spanish,False,95,95,4014.17,2535.26,45,14,47.37
C001131,MUSIC,Indie Pop,Kannada,False,97,97,349.93,216.45,29,15,29.90
C001132,MUSIC,Devotional,English,False,96,96,169.98,106.24,40,20,41.67
C001133,VIDEO,Drama,Spanish,False,106,106,5870.95,3323.18,34,22,32.08
C001134,MUSIC,Instrumental,English,False,80,80,354.42,265.81,26,12,32.50
C001135,MUSIC,Electronic,English,False,113,112,171.55,91.09,45,26,39.82
C001136,VIDEO,Sports Stories,Telugu,True,101,101,3799.03,2256.85,31,29,30.69
C001137,PODCAST,Technology,Telugu,False,75,75,1734.48,1387.59,36,13,48.00
C001138,MUSIC,Classical,English,False,76,75,263.10,207.71,33,19,43.42
C001139,MUSIC,Devotional,English,False,94,93,321.03,204.91,36,17,38.30
C001140,MUSIC,Classical,English,False,79,79,152.28,115.66,33,12,41.77
C001141,VIDEO,Comedy,Kannada,False,85,85,1232.20,869.79,26,14,30.59
C001142,VIDEO,Thriller,Hindi,False,75,75,2842.67,2274.13,35,10,46.67
C001143,VIDEO,Drama,English,False,85,85,1583.13,1117.51,30,18,35.29
C001144,MUSIC,Folk Fusion,English,False,88,88,271.20,184.91,33,23,37.50
C001145,MUSIC,Jazz,Hindi,False,82,82,221.30,161.93,31,19,37.80
C001146,MUSIC,Electronic,Korean,False,87,87,324.43,223.75,31,19,35.63
C001147,MUSIC,Indie Pop,Spanish,True,82,82,154.88,113.33,27,17,32.93
C001148,PODCAST,Business,Tamil,False,82,82,1361.62,996.3,33,17,40.24
C001149,MUSIC,Classical,Hindi,False,80,80,303.27,227.45,33,13,41.25
C001150,PODCAST,Science,Hindi,False,101,101,4028.50,2393.17,43,16,42.57
C001151,VIDEO,Sports Stories,Kannada,False,78,78,2268.10,1744.69,35,14,44.87
C001152,MUSIC,Devotional,English,False,73,73,165.73,136.22,28,14,38.36
C001153,MUSIC,Jazz,Kannada,False,87,87,228.37,157.49,34,14,39.08
C001154,VIDEO,Sports Stories,Spanish,True,90,89,3633.37,2422.24,35,16,38.89
C001155,VIDEO,Learning,Hindi,False,99,99,2054.22,1244.98,30,29,30.30
C001156,PODCAST,Culture,Telugu,False,80,80,1796.25,1347.19,31,12,38.75
C001157,VIDEO,Comedy,Hindi,False,101,101,5856.07,3478.85,40,23,39.60
C001158,VIDEO,Documentary,Kannada,True,89,89,4734.83,3192.02,33,11,37.08
C001159,VIDEO,Sports Stories,English,False,84,84,4214.72,3010.51,22,24,26.19
C001160,MUSIC,Indie Pop,English,True,75,75,296.05,236.84,27,11,36.00
C001161,VIDEO,Sports Stories,English,False,95,95,7166.83,4526.42,42,12,44.21
C001162,VIDEO,Documentary,English,True,93,92,1771.62,1142.98,34,22,36.56
C001163,MUSIC,Folk Fusion,Tamil,False,90,90,250.65,167.1,40,23,44.44
C001164,PODCAST,Science,Spanish,False,82,81,2992.05,2189.3,33,19,40.24
C001165,VIDEO,Sports Stories,Korean,True,95,95,2461.25,1554.47,43,11,45.26
C001166,MUSIC,Electronic,Tamil,False,83,83,179.02,129.41,34,18,40.96
C001167,VIDEO,Thriller,English,True,92,92,6899.53,4499.7,33,15,35.87
C001168,MUSIC,Jazz,Korean,True,87,87,260.58,179.71,32,23,36.78
C001169,VIDEO,Sports Stories,Hindi,False,80,80,4615.53,3461.65,35,12,43.75
C001170,PODCAST,Wellbeing,English,True,81,81,3061.58,2267.84,39,10,48.15
C001171,MUSIC,Classical,English,False,90,90,210.88,140.59,28,23,31.11
C001172,PODCAST,Culture,Telugu,True,84,82,3642.15,2601.54,35,16,41.67
C001173,MUSIC,Electronic,Telugu,False,73,73,120.08,98.7,30,12,41.10
C001174,VIDEO,Learning,English,False,106,106,2725.88,1542.95,50,20,47.17
C001175,MUSIC,Devotional,Kannada,False,93,92,254.88,164.44,44,13,47.31
C001176,VIDEO,Documentary,Spanish,True,88,88,5533.00,3772.5,28,18,31.82
C001177,MUSIC,Folk Fusion,Spanish,False,93,93,363.47,234.49,34,25,36.56
C001178,MUSIC,Folk Fusion,English,True,92,92,156.78,102.25,30,22,32.61
C001179,VIDEO,Thriller,Spanish,True,85,85,3466.05,2446.62,37,18,43.53
C001180,MUSIC,Instrumental,Hindi,False,72,72,203.05,169.21,29,12,40.28
C001181,VIDEO,Learning,Telugu,False,92,91,1962.82,1280.1,28,16,30.43
C001182,MUSIC,Devotional,Spanish,False,95,95,190.80,120.51,38,16,40.00
C001183,MUSIC,Indie Pop,English,False,84,82,206.77,147.69,31,21,36.90
C001184,MUSIC,Jazz,Hindi,True,85,84,122.33,86.35,30,20,35.29
C001185,MUSIC,Classical,English,False,101,100,177.30,105.33,39,17,38.61
C001186,VIDEO,Learning,Bengali,False,83,83,1388.90,1004.02,35,13,42.17
C001187,PODCAST,History,English,False,72,72,2081.70,1734.75,30,9,41.67
C001188,VIDEO,Documentary,Tamil,False,71,71,1233.57,1042.45,25,17,35.21
C001189,VIDEO,Learning,English,True,75,74,4304.93,3443.95,29,22,38.67
C001190,MUSIC,Indie Pop,Hindi,False,106,106,319.95,181.1,47,18,44.34
C001191,MUSIC,Devotional,Kannada,False,78,78,178.37,137.21,33,12,42.31
C001192,VIDEO,Drama,Bengali,True,92,92,4342.60,2832.13,35,26,38.04
C001193,PODCAST,Culture,Hindi,True,78,76,2560.85,1969.88,24,12,30.77
C001194,VIDEO,Learning,Bengali,True,99,99,6959.43,4217.84,44,18,44.44
C001195,MUSIC,Instrumental,Hindi,False,95,95,197.95,125.02,36,12,37.89
C001196,VIDEO,Animation,Hindi,False,103,103,2968.28,1729.1,36,25,34.95
C001197,VIDEO,Thriller,Telugu,False,87,87,4855.90,3348.9,29,16,33.33
C001198,VIDEO,Drama,Tamil,False,92,92,5247.72,3422.42,33,15,35.87
C001199,MUSIC,Jazz,English,False,97,97,231.63,143.28,32,23,32.99
C001200,VIDEO,Documentary,Korean,False,80,80,1454.42,1090.81,35,14,43.75
C001201,VIDEO,Documentary,Korean,False,74,74,2310.97,1873.76,28,13,37.84
C001202,VIDEO,Documentary,English,False,96,95,3718.05,2323.78,33,21,34.38
C001203,MUSIC,Electronic,English,False,80,80,255.65,191.74,31,16,38.75
C001204,VIDEO,Animation,English,True,87,87,3305.13,2279.4,34,16,39.08
C001205,PODCAST,Science,Hindi,False,94,94,4059.17,2590.96,40,17,42.55
C001206,PODCAST,Culture,English,False,76,76,2016.23,1591.76,30,15,39.47
C001207,MUSIC,Instrumental,Tamil,False,78,78,286.05,220.04,32,16,41.03
C001208,MUSIC,Indie Pop,English,False,91,90,153.42,101.15,29,22,31.87
C001209,MUSIC,Jazz,English,False,73,73,297.37,244.41,27,11,36.99
C001210,MUSIC,Instrumental,English,True,87,87,338.55,233.48,25,19,28.74
C001211,VIDEO,Documentary,English,False,77,77,4271.10,3328.13,29,19,37.66
C001212,PODCAST,Culture,English,False,83,83,2701.22,1952.69,30,24,36.14
C001213,PODCAST,History,English,False,106,106,2967.05,1679.46,48,19,45.28
C001214,MUSIC,Jazz,Hindi,True,93,93,151.57,97.78,42,21,45.16
C001215,VIDEO,Drama,Telugu,True,83,83,2446.40,1768.48,30,15,36.14
C001216,MUSIC,Classical,Kannada,False,81,81,241.52,178.9,25,14,30.86
C001217,VIDEO,Sports Stories,English,False,91,91,2934.80,1935.03,34,23,37.36
C001218,VIDEO,Drama,English,False,90,90,3618.12,2412.08,34,17,37.78
C001219,MUSIC,Classical,English,False,70,70,255.22,218.76,29,13,41.43
C001220,MUSIC,Instrumental,English,False,95,95,159.08,100.47,37,17,38.95
C001221,MUSIC,Electronic,Spanish,False,84,84,278.25,198.75,37,17,44.05
C001222,MUSIC,Electronic,Korean,False,110,110,282.53,154.11,45,18,40.91
C001223,VIDEO,Sports Stories,Hindi,False,83,83,6351.43,4591.4,38,11,45.78
C001224,VIDEO,Animation,Spanish,False,104,104,2270.65,1309.99,41,23,39.42
C001225,VIDEO,Animation,Kannada,False,87,87,2516.63,1735.61,25,16,28.74
C001226,MUSIC,Folk Fusion,English,False,93,93,261.38,168.63,39,21,41.94
C001227,VIDEO,Documentary,English,False,89,89,4121.28,2778.39,27,27,30.34
C001228,MUSIC,Devotional,English,False,83,83,207.52,150.01,28,16,33.73
C001229,MUSIC,Electronic,Telugu,False,81,80,102.97,76.27,31,15,38.27
C001230,MUSIC,Electronic,Spanish,False,81,81,174.28,129.1,27,19,33.33
C001231,VIDEO,Documentary,Spanish,False,90,89,1715.93,1143.96,42,15,46.67
C001232,MUSIC,Electronic,Telugu,True,75,75,204.18,163.35,36,14,48.00
C001233,PODCAST,Technology,Telugu,False,85,85,3669.05,2589.92,25,20,29.41
C001234,PODCAST,Careers,Spanish,True,96,95,1281.15,800.72,39,15,40.63
C001235,VIDEO,Thriller,Kannada,False,75,74,1395.10,1116.08,26,21,34.67
C001236,VIDEO,Thriller,Bengali,False,79,79,4106.23,3118.66,27,13,34.18
C001237,VIDEO,Sports Stories,Tamil,False,91,90,2988.10,1970.18,33,20,36.26
C001238,PODCAST,Business,Telugu,True,82,82,2756.20,2016.73,28,19,34.15
C001239,VIDEO,Drama,English,False,58,58,1241.35,1284.16,19,12,32.76
C001240,VIDEO,Documentary,English,True,80,80,2753.82,2065.36,35,10,43.75
C001241,PODCAST,Culture,Hindi,False,89,89,4172.75,2813.09,23,20,25.84
C001242,VIDEO,Sports Stories,Telugu,False,88,88,3059.93,2086.32,30,20,34.09
C001243,VIDEO,Drama,Hindi,False,82,81,1516.57,1109.68,29,18,35.37
C001244,VIDEO,Sports Stories,Kannada,True,93,93,4555.80,2939.23,35,19,37.63
C001245,VIDEO,Thriller,Hindi,True,96,96,4129.80,2581.13,36,18,37.50
C001246,MUSIC,Classical,Hindi,False,83,82,200.53,144.96,33,15,39.76
C001247,VIDEO,Documentary,Spanish,False,94,94,4124.07,2632.38,40,19,42.55
C001248,PODCAST,Technology,English,False,98,98,885.48,542.13,35,17,35.71
C001249,MUSIC,Devotional,English,True,84,84,211.25,150.89,27,15,32.14
C001250,VIDEO,Learning,English,False,84,84,2472.98,1766.42,34,13,40.48
C001251,VIDEO,Comedy,Hindi,False,83,83,2178.23,1574.63,45,11,54.22
C001252,VIDEO,Animation,Hindi,True,83,82,6073.78,4390.69,35,18,42.17
C001253,VIDEO,Thriller,Tamil,False,82,82,2687.77,1966.66,32,12,39.02
C001254,MUSIC,Devotional,Kannada,False,99,96,305.22,184.98,43,9,43.43
C001255,MUSIC,Devotional,English,False,90,90,290.15,193.43,29,23,32.22
C001256,MUSIC,Electronic,English,True,75,75,162.20,129.76,28,17,37.33
C001257,PODCAST,History,Hindi,False,80,80,603.57,452.68,38,14,47.50
C001258,MUSIC,Indie Pop,Hindi,True,73,73,103.02,84.67,30,11,41.10
C001259,MUSIC,Instrumental,English,False,81,81,115.65,85.67,40,19,49.38
C001260,VIDEO,Thriller,Tamil,False,87,87,2215.05,1527.62,30,15,34.48
C001261,VIDEO,Drama,Telugu,False,90,90,6832.07,4554.71,38,10,42.22
C001262,VIDEO,Documentary,English,False,89,89,1177.47,793.8,38,15,42.70
C001263,PODCAST,Careers,Spanish,False,92,91,3750.43,2445.93,35,12,38.04
C001264,VIDEO,Thriller,Korean,False,102,102,1745.18,1026.58,43,15,42.16
C001265,VIDEO,Drama,English,True,80,80,2859.43,2144.58,31,17,38.75
C001266,PODCAST,Culture,English,False,95,95,3980.68,2514.12,31,24,32.63
C001267,MUSIC,Folk Fusion,Hindi,False,104,104,244.37,140.98,45,22,43.27
C001268,MUSIC,Folk Fusion,Tamil,False,99,99,382.47,231.8,40,22,40.40
C001269,VIDEO,Sports Stories,English,False,70,69,1388.68,1190.3,29,15,41.43
C001270,PODCAST,Wellbeing,Kannada,False,87,85,4449.50,3068.62,31,19,35.63
C001271,MUSIC,Indie Pop,Hindi,False,107,106,356.87,200.11,41,23,38.32
C001272,VIDEO,Documentary,Bengali,False,91,91,2888.03,1904.2,36,13,39.56
C001273,VIDEO,Documentary,Spanish,False,96,96,6945.17,4340.73,37,20,38.54
C001274,PODCAST,Culture,Spanish,False,84,84,4344.75,3103.39,29,16,34.52
C001275,MUSIC,Devotional,Kannada,False,75,75,188.03,150.43,22,16,29.33
C001276,VIDEO,Thriller,Spanish,False,74,74,996.92,808.31,33,14,44.59
C001277,PODCAST,Careers,English,False,99,98,1853.50,1123.33,35,20,35.35
C001278,VIDEO,Comedy,English,False,71,71,1102.07,931.32,33,8,46.48
C001279,MUSIC,Instrumental,Telugu,False,91,91,171.60,113.14,42,17,46.15
C001280,VIDEO,Thriller,Hindi,False,76,76,2387.20,1884.63,30,19,39.47
C001281,VIDEO,Comedy,English,False,104,104,4379.67,2526.73,35,27,33.65
C001282,VIDEO,Drama,Telugu,False,88,88,1458.48,994.42,38,16,43.18
C001283,MUSIC,Instrumental,English,True,71,70,224.52,189.73,25,14,35.21
C001284,VIDEO,Comedy,Hindi,False,84,84,1325.60,946.86,39,13,46.43
C001285,PODCAST,Wellbeing,Bengali,False,93,93,2649.67,1709.46,36,15,38.71
C001286,VIDEO,Learning,Tamil,False,84,84,5926.52,4233.23,27,16,32.14
C001287,MUSIC,Instrumental,English,True,93,92,267.67,172.69,29,18,31.18
C001288,VIDEO,Animation,Hindi,False,82,82,4264.12,3120.09,28,16,34.15
C001289,MUSIC,Jazz,Korean,False,94,94,360.03,229.81,44,17,46.81
C001290,MUSIC,Classical,Hindi,False,87,87,216.25,149.14,28,15,32.18
C001291,MUSIC,Jazz,Telugu,False,93,93,271.90,175.42,40,16,43.01
C001292,VIDEO,Animation,Kannada,False,81,81,4723.68,3499.02,31,14,38.27
C001293,VIDEO,Comedy,Tamil,True,93,93,2684.48,1731.92,33,13,35.48
C001294,PODCAST,Business,English,False,81,81,3515.43,2604.02,24,13,29.63
C001295,VIDEO,Learning,Telugu,False,86,86,1831.67,1277.91,30,18,34.88
C001296,MUSIC,Electronic,English,True,93,92,163.80,105.68,40,23,43.01
C001297,VIDEO,Animation,Hindi,False,84,84,5922.05,4230.04,33,17,39.29
C001298,VIDEO,Drama,English,False,88,87,2310.35,1575.24,34,16,38.64
C001299,VIDEO,Sports Stories,English,False,99,99,1334.43,808.75,37,20,37.37
C001300,MUSIC,Folk Fusion,English,False,98,98,181.53,111.14,41,19,41.84
C001301,VIDEO,Drama,English,True,78,77,4209.87,3238.36,31,17,39.74
C001302,PODCAST,Business,English,True,76,76,2346.82,1852.75,34,17,44.74
C001303,MUSIC,Folk Fusion,English,False,83,83,318.40,230.17,25,19,30.12
C001304,VIDEO,Learning,English,False,84,84,4410.13,3150.1,33,16,39.29
C001305,VIDEO,Thriller,Spanish,True,80,80,1029.80,772.35,19,21,23.75
C001306,MUSIC,Electronic,English,False,81,81,114.93,85.14,33,16,40.74
C001307,MUSIC,Electronic,English,False,77,77,159.50,124.29,30,16,38.96
C001308,PODCAST,Culture,Bengali,False,93,93,4095.23,2642.09,38,23,40.86
C001309,MUSIC,Indie Pop,English,True,108,108,207.17,115.09,51,17,47.22
C001310,MUSIC,Electronic,English,False,96,96,128.05,80.03,39,18,40.63
C001311,VIDEO,Learning,Telugu,False,82,81,4660.05,3409.79,26,22,31.71
C001312,MUSIC,Indie Pop,Telugu,False,71,71,109.22,92.3,24,15,33.80
C001313,MUSIC,Classical,Spanish,False,92,92,128.35,83.71,28,12,30.43
C001314,PODCAST,Business,English,False,92,92,2602.08,1697.01,37,17,40.22
C001315,VIDEO,Drama,English,True,101,101,6520.82,3873.75,38,20,37.62
C001316,MUSIC,Electronic,English,False,81,81,250.27,185.38,32,15,39.51
C001317,PODCAST,Wellbeing,English,False,89,89,1444.17,973.6,34,22,38.20
C001318,MUSIC,Electronic,English,False,85,85,228.48,161.28,30,20,35.29
C001319,VIDEO,Sports Stories,Hindi,True,94,94,5773.20,3685.02,41,21,43.62
C001320,VIDEO,Thriller,Spanish,False,84,84,1783.10,1273.64,30,17,35.71
C001321,VIDEO,Thriller,English,False,74,74,4854.60,3936.16,32,14,43.24
C001322,VIDEO,Learning,English,False,87,87,1410.55,972.79,36,11,41.38
C001323,VIDEO,Comedy,Hindi,True,101,100,3372.50,2003.47,41,17,40.59
C001324,VIDEO,Drama,Korean,False,93,93,6601.75,4259.19,36,19,38.71
C001325,MUSIC,Electronic,English,False,74,74,240.92,195.34,25,14,33.78
C001326,VIDEO,Thriller,Telugu,True,90,90,4728.75,3152.5,27,20,30.00
C001327,VIDEO,Learning,English,False,87,87,2162.58,1491.44,32,23,36.78
C001328,VIDEO,Comedy,Kannada,False,92,92,1991.15,1298.58,34,22,36.96
C001329,MUSIC,Folk Fusion,Korean,False,95,95,370.37,233.92,38,24,40.00
C001330,PODCAST,History,English,False,79,78,3328.65,2528.09,26,15,32.91
C001331,VIDEO,Drama,Telugu,False,75,75,3489.15,2791.32,28,15,37.33
C001332,MUSIC,Folk Fusion,Telugu,False,83,83,354.63,256.36,32,14,38.55
C001333,VIDEO,Thriller,English,False,70,70,4348.25,3727.07,32,14,45.71
C001334,MUSIC,Folk Fusion,Hindi,False,93,93,309.92,199.95,30,23,32.26
C001335,MUSIC,Instrumental,Hindi,False,85,85,133.57,94.28,32,20,37.65
C001336,MUSIC,Indie Pop,Spanish,False,76,76,230.67,182.11,26,12,34.21
C001337,MUSIC,Jazz,Tamil,True,66,66,110.95,100.86,21,15,31.82
C001338,VIDEO,Sports Stories,English,True,93,93,6070.37,3916.37,29,19,31.18
C001339,VIDEO,Sports Stories,Hindi,False,96,96,2838.38,1773.99,32,18,33.33
C001340,PODCAST,Technology,Tamil,False,94,94,736.45,470.07,28,23,29.79
C001341,MUSIC,Devotional,Hindi,False,76,76,132.10,104.29,25,15,32.89
C001342,MUSIC,Devotional,Spanish,True,86,86,154.92,108.08,32,18,37.21
C001343,PODCAST,Careers,English,True,81,81,3871.73,2867.95,34,16,41.98
C001344,MUSIC,Jazz,Hindi,False,86,86,155.98,108.83,29,18,33.72
C001345,MUSIC,Classical,English,True,98,98,242.48,148.46,42,9,42.86
C001346,PODCAST,Business,Bengali,True,79,79,3939.45,2991.99,27,13,34.18
C001347,PODCAST,Wellbeing,Hindi,False,75,74,2505.03,2004.03,37,6,49.33
C001348,MUSIC,Classical,Tamil,False,69,69,221.03,192.2,27,10,39.13
C001349,MUSIC,Jazz,English,False,81,81,229.67,170.12,31,17,38.27
C001350,VIDEO,Thriller,Hindi,False,72,72,1810.25,1508.54,27,16,37.50
C001351,VIDEO,Thriller,Korean,False,102,102,6869.38,4040.81,37,21,36.27
C001352,VIDEO,Documentary,English,False,88,87,5369.12,3660.76,33,18,37.50
C001353,MUSIC,Electronic,English,False,94,94,239.82,153.07,33,20,35.11
C001354,VIDEO,Learning,English,False,77,77,2462.47,1918.81,33,14,42.86
C001355,VIDEO,Sports Stories,Kannada,False,96,96,1480.62,925.39,33,26,34.38
C001356,MUSIC,Classical,English,True,85,85,323.17,228.12,36,16,42.35
C001357,VIDEO,Thriller,Tamil,False,92,90,3797.82,2476.84,46,21,50.00
C001358,VIDEO,Comedy,Kannada,False,80,80,1052.25,789.19,27,14,33.75
C001359,VIDEO,Thriller,Hindi,False,91,91,4368.52,2880.34,30,19,32.97
C001360,PODCAST,Careers,Telugu,False,79,79,1109.20,842.43,23,18,29.11
C001361,MUSIC,Folk Fusion,Telugu,True,86,86,318.75,222.38,29,23,33.72
C001362,VIDEO,Sports Stories,Hindi,False,95,95,1204.67,760.84,28,22,29.47
C001363,MUSIC,Jazz,Telugu,False,81,80,149.57,110.79,29,20,35.80
C001364,VIDEO,Drama,English,False,96,95,1505.57,940.98,37,19,38.54
C001365,PODCAST,Business,Korean,False,91,91,536.45,353.7,28,20,30.77
C001366,MUSIC,Devotional,Hindi,False,78,78,195.68,150.53,26,13,33.33
C001367,VIDEO,Animation,Telugu,True,82,81,1667.23,1219.93,33,6,40.24
C001368,VIDEO,Learning,English,False,80,79,4442.32,3331.74,39,14,48.75
C001369,VIDEO,Sports Stories,Kannada,True,84,84,4171.12,2979.37,33,20,39.29
C001370,PODCAST,Culture,Hindi,False,88,88,3845.17,2621.7,36,17,40.91
C001371,VIDEO,Comedy,Hindi,False,98,97,3715.17,2274.59,39,14,39.80
C001372,PODCAST,History,Telugu,False,81,81,2045.27,1515.01,28,12,34.57
C001373,VIDEO,Animation,Tamil,True,74,74,1238.28,1004.01,27,11,36.49
C001374,MUSIC,Instrumental,English,True,90,89,245.18,163.46,32,27,35.56
C001375,VIDEO,Animation,Hindi,False,72,72,901.85,751.54,17,16,23.61
C001376,PODCAST,Science,English,False,81,81,1098.62,813.79,35,15,43.21
C001377,MUSIC,Indie Pop,Kannada,False,87,87,400.42,276.15,39,11,44.83
C001378,VIDEO,Comedy,Spanish,False,101,100,7071.83,4201.09,37,18,36.63
C001379,VIDEO,Comedy,Telugu,False,82,82,3245.28,2374.6,24,18,29.27
C001380,VIDEO,Sports Stories,Telugu,True,87,87,1092.22,753.25,26,18,29.89
C001381,VIDEO,Documentary,English,False,85,85,5677.75,4007.82,36,13,42.35
C001382,VIDEO,Drama,Korean,False,99,99,1673.07,1013.98,31,25,31.31
C001383,MUSIC,Classical,English,False,84,84,94.33,67.38,28,22,33.33
C001384,VIDEO,Learning,Hindi,False,70,70,5254.53,4503.89,23,8,32.86
C001385,PODCAST,Business,English,False,90,90,5132.88,3421.92,35,12,38.89
C001386,PODCAST,Technology,Bengali,True,83,83,1608.48,1162.76,30,14,36.14
C001387,VIDEO,Drama,Spanish,False,80,80,1965.00,1473.75,31,17,38.75
C001388,MUSIC,Instrumental,Korean,True,95,94,261.57,165.2,44,15,46.32
C001389,MUSIC,Devotional,Hindi,False,81,81,270.80,200.59,34,12,41.98
C001390,MUSIC,Indie Pop,Korean,False,75,75,191.23,152.99,28,19,37.33
C001391,PODCAST,Wellbeing,English,False,91,91,3369.65,2221.75,38,17,41.76
C001392,MUSIC,Folk Fusion,English,False,94,94,170.42,108.78,30,29,31.91
C001393,MUSIC,Indie Pop,English,True,84,84,230.77,164.83,36,10,42.86
C001394,MUSIC,Folk Fusion,English,False,93,93,270.70,174.65,38,20,40.86
C001395,VIDEO,Thriller,Spanish,True,81,81,6089.88,4511.02,36,17,44.44
C001396,VIDEO,Learning,Tamil,True,83,83,1462.37,1057.13,29,19,34.94
C001397,PODCAST,Technology,Bengali,True,88,88,4246.45,2895.31,29,19,32.95
C001398,VIDEO,Sports Stories,Kannada,True,91,91,5467.85,3605.18,28,21,30.77
C001399,MUSIC,Devotional,Bengali,False,64,64,161.27,151.19,17,20,26.56
C001400,VIDEO,Documentary,Tamil,True,78,77,1859.63,1430.49,21,22,26.92
C001401,VIDEO,Sports Stories,Kannada,False,86,86,1828.98,1276.03,37,15,43.02
C001402,VIDEO,Learning,Hindi,False,95,94,3489.18,2203.69,33,20,34.74
C001403,PODCAST,Wellbeing,Spanish,False,93,93,3037.55,1959.71,32,20,34.41
C001404,MUSIC,Indie Pop,Bengali,False,63,63,89.53,85.27,27,7,42.86
C001405,VIDEO,Drama,English,True,83,83,3203.60,2315.86,26,20,31.33
C001406,MUSIC,Devotional,Hindi,False,96,96,423.83,264.9,31,15,32.29
C001407,MUSIC,Jazz,English,True,87,87,199.98,137.92,33,18,37.93
C001408,MUSIC,Electronic,Tamil,True,93,93,208.87,134.75,43,13,46.24
C001409,PODCAST,Technology,Korean,False,83,83,2234.83,1615.54,34,16,40.96
C001410,VIDEO,Thriller,English,False,77,77,5438.57,4237.84,33,9,42.86
C001411,VIDEO,Animation,Bengali,True,72,72,1458.53,1215.44,27,20,37.50
C001412,VIDEO,Thriller,Telugu,True,83,83,1044.32,754.93,31,13,37.35
C001413,VIDEO,Sports Stories,Telugu,True,61,61,758.10,745.67,24,10,39.34
C001414,VIDEO,Drama,Hindi,False,83,83,1696.67,1226.51,33,13,39.76
C001415,VIDEO,Thriller,English,False,91,91,4243.60,2797.98,27,29,29.67
C001416,MUSIC,Electronic,Telugu,False,86,86,309.92,216.22,30,19,34.88
C001417,PODCAST,Science,English,True,115,115,4761.30,2484.16,50,16,43.48
C001418,VIDEO,Learning,Spanish,False,89,89,1426.40,961.62,37,18,41.57
C001419,VIDEO,Drama,Hindi,True,90,90,5971.97,3981.31,40,18,44.44
C001420,PODCAST,Science,Spanish,False,90,90,2163.95,1442.63,34,15,37.78
C001421,MUSIC,Folk Fusion,Telugu,True,93,93,331.68,213.99,27,20,29.03
C001422,MUSIC,Jazz,Korean,False,81,81,266.35,197.3,34,14,41.98
C001423,VIDEO,Thriller,Bengali,True,88,87,1474.47,1005.32,33,20,37.50
C001424,VIDEO,Documentary,Bengali,False,79,79,4186.20,3179.39,29,14,36.71
C001425,MUSIC,Classical,Telugu,False,88,88,319.97,218.16,32,16,36.36
C001426,VIDEO,Comedy,English,False,75,75,4925.60,3940.48,28,16,37.33
C001427,VIDEO,Thriller,Telugu,False,68,68,843.35,744.13,29,15,42.65
C001428,VIDEO,Sports Stories,Korean,False,71,70,3956.25,3343.31,32,8,45.07
C001429,MUSIC,Classical,Bengali,False,73,73,243.82,200.4,30,12,41.10
C001430,MUSIC,Folk Fusion,English,True,80,79,285.57,214.18,31,20,38.75
C001431,VIDEO,Thriller,Tamil,True,83,83,4588.05,3316.66,32,14,38.55
C001432,MUSIC,Folk Fusion,Tamil,False,100,100,234.82,140.89,31,24,31.00
C001433,MUSIC,Classical,Hindi,False,90,90,365.98,243.99,33,17,36.67
C001434,MUSIC,Instrumental,English,False,84,84,125.33,89.52,25,9,29.76
C001435,MUSIC,Instrumental,Tamil,False,86,86,132.75,92.62,26,14,30.23
C001436,MUSIC,Classical,Spanish,False,93,93,344.02,221.95,37,21,39.78
C001437,MUSIC,Instrumental,English,False,77,77,123.20,96.0,30,5,38.96
C001438,MUSIC,Folk Fusion,Telugu,False,84,83,185.77,132.69,29,21,34.52
C001439,VIDEO,Thriller,English,False,86,86,2743.95,1914.38,36,25,41.86
C001440,MUSIC,Instrumental,Spanish,False,84,84,193.27,138.05,31,17,36.90
C001441,MUSIC,Folk Fusion,English,False,88,87,185.02,126.15,35,17,39.77
C001442,VIDEO,Drama,English,False,81,80,4241.57,3141.9,31,13,38.27
C001443,VIDEO,Thriller,English,False,69,69,4503.98,3916.51,26,12,37.68
C001444,VIDEO,Learning,Hindi,False,98,98,6821.75,4176.58,41,18,41.84
C001445,VIDEO,Sports Stories,English,False,91,91,2379.98,1569.22,38,16,41.76
C001446,VIDEO,Thriller,Hindi,True,94,94,5138.83,3280.11,30,17,31.91
C001447,VIDEO,Comedy,Hindi,True,79,79,1634.97,1241.75,36,15,45.57
C001448,VIDEO,Thriller,English,False,82,82,4960.07,3629.32,32,13,39.02
C001449,VIDEO,Animation,Spanish,False,82,82,6093.45,4458.62,36,11,43.90
C001450,PODCAST,History,Korean,False,88,88,4284.73,2921.41,29,15,32.95
C001451,MUSIC,Classical,English,False,88,88,210.57,143.57,38,12,43.18
C001452,PODCAST,History,Telugu,False,75,75,473.35,378.68,26,16,34.67
C001453,VIDEO,Drama,Kannada,False,84,84,4857.07,3469.33,30,17,35.71
C001454,VIDEO,Learning,Hindi,False,87,87,4287.52,2956.91,32,17,36.78
C001455,VIDEO,Documentary,Hindi,False,86,86,1856.00,1294.88,33,17,38.37
C001456,MUSIC,Jazz,Telugu,False,87,87,245.38,169.23,37,19,42.53
C001457,VIDEO,Learning,English,True,90,90,4313.50,2875.67,37,17,41.11
C001458,MUSIC,Jazz,Hindi,True,63,63,220.82,210.3,25,14,39.68
C001459,VIDEO,Thriller,Korean,False,80,80,3322.55,2491.91,26,11,32.50
C001460,VIDEO,Thriller,Hindi,True,78,78,1618.93,1245.33,28,17,35.90
C001461,VIDEO,Sports Stories,English,False,86,86,4739.45,3306.59,24,15,27.91
C001462,VIDEO,Sports Stories,Hindi,False,85,85,5601.05,3953.68,31,22,36.47
C001463,VIDEO,Learning,Korean,False,91,91,4640.85,3059.9,43,15,47.25
C001464,VIDEO,Comedy,Tamil,False,85,84,3365.73,2375.81,34,19,40.00
C001465,MUSIC,Electronic,Hindi,False,94,94,240.05,153.22,30,15,31.91
C001466,PODCAST,Careers,Hindi,False,88,88,1660.60,1132.23,33,16,37.50
C001467,VIDEO,Thriller,Telugu,False,81,81,1228.13,909.73,27,19,33.33
C001468,MUSIC,Folk Fusion,Korean,False,92,91,220.83,144.02,44,16,47.83
C001469,MUSIC,Folk Fusion,English,True,74,73,142.75,115.74,27,16,36.49
C001470,VIDEO,Documentary,Korean,False,77,77,4803.12,3742.69,32,13,41.56
C001471,VIDEO,Comedy,Hindi,False,88,88,2818.63,1921.8,22,19,25.00
C001472,VIDEO,Animation,Hindi,False,103,102,4086.92,2380.73,42,24,40.78
C001473,MUSIC,Devotional,Hindi,True,71,71,206.38,174.41,28,11,39.44
C001474,VIDEO,Thriller,Hindi,False,73,73,2561.90,2105.67,26,16,35.62
C001475,MUSIC,Instrumental,Spanish,False,92,92,383.80,250.3,31,19,33.70
C001476,MUSIC,Indie Pop,Hindi,False,80,80,298.15,223.61,27,16,33.75
C001477,VIDEO,Animation,English,False,74,74,4368.13,3541.73,24,17,32.43
C001478,MUSIC,Indie Pop,Hindi,False,100,100,197.60,118.56,38,20,38.00
C001479,VIDEO,Comedy,English,False,94,93,4873.83,3110.96,32,14,34.04
C001480,PODCAST,Careers,Kannada,False,87,87,1708.23,1178.09,28,23,32.18
C001481,MUSIC,Folk Fusion,Spanish,False,90,89,419.68,279.79,44,7,48.89
C001482,MUSIC,Indie Pop,Bengali,False,73,73,215.77,177.34,23,12,31.51
C001483,MUSIC,Electronic,English,False,75,74,139.07,111.25,23,15,30.67
C001484,VIDEO,Comedy,Telugu,False,83,83,4185.73,3025.83,26,24,31.33
C001485,MUSIC,Devotional,Telugu,True,93,93,131.43,84.8,33,19,35.48
C001486,PODCAST,Wellbeing,Hindi,False,90,90,2140.55,1427.03,27,22,30.00
C001487,MUSIC,Classical,Korean,False,90,90,238.53,159.02,29,22,32.22
C001488,MUSIC,Devotional,English,True,79,79,153.83,116.84,31,16,39.24
C001489,PODCAST,Wellbeing,English,True,83,83,1390.93,1005.49,37,10,44.58
C001490,VIDEO,Comedy,Bengali,False,76,76,2269.17,1791.45,30,10,39.47
C001491,VIDEO,Thriller,English,False,84,83,2716.47,1940.33,27,12,32.14
C001492,VIDEO,Learning,English,False,89,89,4163.48,2806.84,29,18,32.58
C001493,VIDEO,Learning,Hindi,False,96,95,6168.45,3855.28,42,17,43.75
C001494,MUSIC,Jazz,English,False,90,90,289.72,193.14,33,25,36.67
C001495,MUSIC,Devotional,English,False,68,67,125.38,110.63,27,10,39.71
C001496,VIDEO,Learning,English,False,66,66,2550.03,2318.21,28,11,42.42
C001497,VIDEO,Animation,Hindi,False,85,85,2456.13,1733.74,29,19,34.12
C001498,VIDEO,Documentary,Telugu,False,90,90,4868.95,3245.97,42,15,46.67
C001499,MUSIC,Jazz,English,False,70,70,190.57,163.34,30,12,42.86
C001500,PODCAST,Culture,Hindi,False,74,74,3064.17,2484.46,26,12,35.14
C001501,MUSIC,Classical,English,False,91,91,214.73,141.58,42,11,46.15
C001502,VIDEO,Thriller,English,False,90,90,2842.17,1894.78,34,18,37.78
C001503,PODCAST,Careers,English,False,89,89,1532.55,1033.18,30,26,33.71
C001504,MUSIC,Folk Fusion,English,True,87,87,258.97,178.6,28,15,32.18
C001505,MUSIC,Folk Fusion,Hindi,False,78,77,328.83,252.95,25,15,32.05
C001506,MUSIC,Jazz,Hindi,False,94,94,279.87,178.64,35,15,37.23
C001507,PODCAST,Careers,Tamil,True,79,79,2685.00,2039.24,30,12,37.97
C001508,VIDEO,Animation,English,False,92,92,2884.52,1881.21,30,22,32.61
C001509,MUSIC,Folk Fusion,Bengali,True,93,93,171.65,110.74,36,18,38.71
C001510,MUSIC,Electronic,English,False,80,80,199.37,149.53,36,14,45.00
C001511,VIDEO,Drama,Korean,False,78,78,5906.92,4543.78,33,14,42.31
C001512,VIDEO,Comedy,Hindi,True,86,86,4800.47,3349.16,32,18,37.21
C001513,MUSIC,Indie Pop,Korean,False,71,71,220.62,186.44,30,10,42.25
C001514,VIDEO,Documentary,Kannada,False,82,81,3338.82,2443.04,28,24,34.15
C001515,MUSIC,Devotional,Kannada,True,87,85,287.87,198.53,45,17,51.72
C001516,VIDEO,Learning,Hindi,False,84,84,1157.03,826.45,30,15,35.71
C001517,PODCAST,Business,English,False,102,102,5412.42,3183.77,42,21,41.18
C001518,MUSIC,Jazz,Hindi,False,83,83,270.13,195.28,29,15,34.94
C001519,MUSIC,Folk Fusion,Hindi,False,78,78,224.93,173.03,31,16,39.74
C001520,PODCAST,History,Telugu,False,86,86,522.23,364.35,31,16,36.05
C001521,MUSIC,Folk Fusion,Tamil,False,90,90,146.55,97.7,37,21,41.11
C001522,VIDEO,Learning,English,False,98,98,6311.95,3864.46,27,20,27.55
C001523,MUSIC,Electronic,Telugu,False,86,86,137.08,95.64,33,18,38.37
C001524,VIDEO,Thriller,English,False,95,95,4934.22,3116.35,41,22,43.16
C001525,MUSIC,Folk Fusion,English,True,79,79,296.52,225.2,40,16,50.63
C001526,MUSIC,Jazz,English,True,70,70,226.00,193.71,27,15,38.57
C001527,MUSIC,Indie Pop,English,False,98,98,150.02,91.85,38,18,38.78
C001528,VIDEO,Drama,Bengali,False,84,84,6021.93,4301.38,33,14,39.29
C001529,VIDEO,Drama,Tamil,True,92,92,2491.80,1625.09,37,19,40.22
C001530,VIDEO,Learning,Telugu,False,97,97,2808.87,1737.44,39,18,40.21
C001531,VIDEO,Drama,English,False,82,82,4586.67,3356.1,31,21,37.80
C001532,VIDEO,Animation,English,False,84,84,1978.25,1413.04,27,21,32.14
C001533,VIDEO,Documentary,Hindi,False,87,86,2110.75,1455.69,36,14,41.38
C001534,MUSIC,Folk Fusion,English,False,83,83,195.25,141.14,35,16,42.17
C001535,PODCAST,Wellbeing,English,False,97,97,889.05,549.93,36,15,37.11
C001536,VIDEO,Comedy,English,False,77,77,911.78,710.48,28,16,36.36
C001537,VIDEO,Comedy,English,False,81,81,2790.38,2066.95,33,10,40.74
C001538,VIDEO,Animation,Telugu,True,82,82,2034.18,1488.43,34,15,41.46
C001539,VIDEO,Animation,Hindi,True,94,93,6290.93,4015.49,43,18,45.74
C001540,MUSIC,Devotional,English,False,81,81,146.35,108.41,24,19,29.63
C001541,VIDEO,Documentary,Spanish,False,87,87,4328.35,2985.07,35,16,40.23
C001542,MUSIC,Classical,Spanish,True,84,83,257.25,183.75,34,13,40.48
C001543,VIDEO,Drama,English,False,77,77,4542.98,3539.99,37,9,48.05
C001544,MUSIC,Devotional,Hindi,False,87,86,264.82,182.63,31,15,35.63
C001545,PODCAST,Wellbeing,Hindi,True,87,87,1093.58,754.2,36,18,41.38
C001546,VIDEO,Sports Stories,Telugu,True,93,93,3196.78,2062.44,37,23,39.78
C001547,VIDEO,Drama,Hindi,False,90,90,1766.15,1177.43,36,15,40.00
C001548,PODCAST,Culture,Tamil,False,71,71,2498.10,2111.07,26,13,36.62
C001549,VIDEO,Animation,English,False,92,92,5241.83,3418.59,29,22,31.52
C001550,VIDEO,Sports Stories,English,False,85,85,4671.15,3297.28,31,16,36.47
C001551,VIDEO,Sports Stories,Spanish,True,73,73,2613.73,2148.27,30,10,41.10
C001552,MUSIC,Folk Fusion,English,True,108,108,399.15,221.75,38,16,35.19
C001553,MUSIC,Devotional,Tamil,False,107,107,166.87,93.57,48,21,44.86
C001554,VIDEO,Documentary,Spanish,True,96,96,4510.47,2819.04,36,16,37.50
C001555,VIDEO,Thriller,Hindi,False,93,92,2472.70,1595.29,36,14,38.71
C001556,VIDEO,Drama,English,False,88,88,2260.30,1541.11,32,16,36.36
C001557,PODCAST,Careers,Hindi,False,91,91,3021.62,1992.27,35,19,38.46
C001558,PODCAST,History,Hindi,True,105,105,2663.92,1522.24,34,14,32.38
C001559,VIDEO,Thriller,Bengali,False,72,72,5335.55,4446.29,24,12,33.33
C001560,MUSIC,Folk Fusion,Hindi,True,84,84,120.88,86.35,32,17,38.10
C001561,VIDEO,Documentary,Hindi,True,70,70,2353.35,2017.16,21,16,30.00
C001562,VIDEO,Learning,English,False,87,87,4540.82,3131.6,38,9,43.68
C001563,MUSIC,Electronic,English,False,91,91,126.12,83.15,33,23,36.26
C001564,PODCAST,Science,English,False,83,83,3880.53,2805.2,32,20,38.55
C001565,VIDEO,Documentary,English,False,80,80,3924.70,2943.53,35,17,43.75
C001566,VIDEO,Sports Stories,Telugu,True,72,72,890.70,742.25,30,16,41.67
C001567,VIDEO,Thriller,English,False,86,86,3166.00,2208.84,32,22,37.21
C001568,MUSIC,Electronic,English,False,100,100,130.52,78.31,40,21,40.00
C001569,MUSIC,Instrumental,English,False,79,79,276.17,209.75,31,26,39.24
C001570,MUSIC,Indie Pop,Bengali,False,75,75,259.68,207.75,24,21,32.00
C001571,MUSIC,Jazz,English,False,76,76,156.08,123.22,32,16,42.11
C001572,VIDEO,Documentary,Telugu,False,88,88,4355.40,2969.59,39,18,44.32
C001573,MUSIC,Jazz,English,True,84,84,233.08,166.49,33,16,39.29
C001574,MUSIC,Folk Fusion,Spanish,True,76,75,269.63,212.87,29,12,38.16
C001575,VIDEO,Sports Stories,English,False,75,74,1033.18,826.55,26,12,34.67
C001576,PODCAST,Careers,English,False,75,75,1715.83,1372.67,22,15,29.33
C001577,VIDEO,Drama,English,False,91,91,4830.27,3184.79,39,12,42.86
C001578,PODCAST,Culture,Tamil,True,80,80,1298.12,973.59,31,23,38.75
C001579,VIDEO,Comedy,English,False,86,86,1923.42,1341.92,38,16,44.19
C001580,MUSIC,Electronic,Hindi,False,81,81,264.92,196.23,28,16,34.57
C001581,MUSIC,Electronic,English,False,97,96,186.45,115.33,37,19,38.14
C001582,VIDEO,Thriller,Korean,False,78,78,3394.72,2611.32,35,18,44.87
C001583,VIDEO,Sports Stories,English,False,61,61,1063.67,1046.23,29,10,47.54
C001584,VIDEO,Documentary,Kannada,False,92,90,7411.88,4833.84,50,13,54.35
C001585,PODCAST,Technology,Tamil,False,88,88,4599.53,3136.05,39,16,44.32
C001586,MUSIC,Devotional,English,False,92,92,188.68,123.05,32,18,34.78
C001587,VIDEO,Animation,English,False,101,101,7205.97,4280.77,47,17,46.53
C001588,MUSIC,Instrumental,English,False,90,90,366.77,244.51,47,14,52.22
C001589,MUSIC,Electronic,English,False,90,90,412.85,275.23,39,12,43.33
C001590,MUSIC,Jazz,Tamil,False,83,83,284.03,205.33,33,18,39.76
C001591,VIDEO,Comedy,Kannada,True,85,85,2898.80,2046.21,30,19,35.29
C001592,PODCAST,Science,English,False,86,86,795.82,555.22,36,13,41.86
C001593,VIDEO,Sports Stories,Hindi,False,91,91,5644.48,3721.64,32,21,35.16
C001594,MUSIC,Indie Pop,Tamil,True,74,74,236.67,191.89,33,12,44.59
C001595,VIDEO,Thriller,English,False,98,98,1357.38,831.05,33,21,33.67
C001596,VIDEO,Learning,Spanish,False,86,85,2690.18,1876.87,24,22,27.91
C001597,VIDEO,Sports Stories,Hindi,False,73,73,1905.53,1566.19,22,14,30.14
C001598,VIDEO,Drama,Telugu,False,74,74,1241.87,1006.92,34,15,45.95
C001599,VIDEO,Sports Stories,Hindi,False,85,84,4303.97,3038.09,28,18,32.94
C001600,VIDEO,Drama,Telugu,False,81,81,4265.00,3159.26,38,13,46.91
C001601,VIDEO,Thriller,Telugu,False,94,94,6636.18,4235.86,30,15,31.91
C001602,MUSIC,Folk Fusion,Korean,False,91,91,387.12,255.24,31,16,34.07
C001603,VIDEO,Learning,English,False,70,70,2427.28,2080.53,28,20,40.00
C001604,VIDEO,Learning,English,True,74,74,4005.28,3247.53,28,11,37.84
C001605,PODCAST,Careers,Telugu,False,77,76,3112.08,2425.0,29,19,37.66
C001606,MUSIC,Folk Fusion,Tamil,True,93,93,295.35,190.55,34,19,36.56
C001607,VIDEO,Thriller,English,True,97,97,2728.50,1687.73,37,23,38.14
C001608,MUSIC,Indie Pop,English,True,94,94,337.15,215.2,37,14,39.36
C001609,VIDEO,Sports Stories,English,True,79,79,2477.42,1881.58,33,16,41.77
C001610,VIDEO,Comedy,Hindi,True,95,95,3068.45,1937.97,40,17,42.11
C001611,MUSIC,Instrumental,English,False,90,90,360.95,240.63,32,19,35.56
C001612,MUSIC,Instrumental,Spanish,False,92,92,180.10,117.46,37,15,40.22
C001613,VIDEO,Drama,Hindi,False,90,90,1221.00,814.0,38,16,42.22
C001614,PODCAST,Technology,Telugu,False,91,91,1448.32,954.93,37,15,40.66
C001615,MUSIC,Devotional,Telugu,False,85,85,176.45,124.55,43,18,50.59
C001616,MUSIC,Classical,English,False,81,81,312.15,231.22,33,10,40.74
C001617,VIDEO,Sports Stories,Hindi,False,113,113,5111.37,2714.0,46,22,40.71
C001618,PODCAST,Science,English,True,93,93,2815.68,1816.57,30,14,32.26
C001619,MUSIC,Indie Pop,English,False,81,81,114.42,84.75,31,12,38.27
C001620,MUSIC,Jazz,English,False,71,71,184.18,155.65,22,11,30.99
C001621,PODCAST,Business,English,False,80,79,1037.13,777.85,28,14,35.00
C001622,VIDEO,Documentary,Hindi,False,82,82,3857.92,2822.87,35,14,42.68
C001623,MUSIC,Devotional,Hindi,True,78,78,256.72,197.47,31,13,39.74
C001624,PODCAST,Business,Spanish,False,98,98,2763.62,1692.01,46,11,46.94
C001625,PODCAST,Business,Bengali,True,88,88,1863.68,1270.69,25,16,28.41
C001626,VIDEO,Drama,Bengali,False,86,86,2019.15,1408.71,28,7,32.56
C001627,MUSIC,Electronic,Hindi,True,100,100,278.78,167.27,42,21,42.00
C001628,MUSIC,Electronic,English,False,88,88,113.35,77.28,29,16,32.95
C001629,VIDEO,Drama,Hindi,False,92,92,6470.32,4219.77,32,13,34.78
C001630,MUSIC,Instrumental,English,False,88,88,150.80,102.82,43,21,48.86
C001631,VIDEO,Learning,Korean,False,77,77,3637.05,2834.06,31,17,40.26
C001632,MUSIC,Classical,English,False,71,71,121.98,103.08,24,17,33.80
C001633,VIDEO,Sports Stories,English,False,90,90,6679.85,4453.23,38,14,42.22
C001634,VIDEO,Drama,English,False,98,98,4099.88,2510.13,34,24,34.69
C001635,MUSIC,Folk Fusion,English,False,97,95,259.78,160.69,36,13,37.11
C001636,MUSIC,Folk Fusion,English,False,88,88,356.28,242.92,38,15,43.18
C001637,VIDEO,Documentary,English,False,86,86,4100.07,2860.51,29,13,33.72
C001638,VIDEO,Thriller,English,True,80,80,1831.88,1373.91,29,14,36.25
C001639,PODCAST,Wellbeing,English,False,90,89,4244.87,2829.91,27,23,30.00
C001640,MUSIC,Folk Fusion,Hindi,True,91,91,164.65,108.56,35,18,38.46
C001641,VIDEO,Learning,Bengali,False,65,65,2551.03,2354.8,22,15,33.85
C001642,MUSIC,Devotional,English,False,71,71,147.87,124.96,31,15,43.66
C001643,MUSIC,Indie Pop,English,True,84,84,110.55,78.96,30,20,35.71
C001644,VIDEO,Drama,English,False,79,79,2348.32,1783.53,33,13,41.77
C001645,VIDEO,Thriller,Kannada,False,66,66,2411.60,2192.36,27,14,40.91
C001646,VIDEO,Learning,Hindi,False,97,97,5350.63,3309.67,42,14,43.30
C001647,PODCAST,Careers,Spanish,False,102,101,3109.20,1828.94,44,14,43.14
C001648,MUSIC,Folk Fusion,English,False,62,62,105.15,101.76,21,15,33.87
C001649,VIDEO,Drama,Telugu,False,85,85,4470.88,3155.92,26,22,30.59
C001650,VIDEO,Comedy,Telugu,False,78,78,2481.77,1909.05,27,14,34.62
C001651,MUSIC,Folk Fusion,Hindi,True,82,81,143.92,105.3,22,19,26.83
C001652,PODCAST,Technology,Spanish,False,86,86,545.20,380.37,30,20,34.88
C001653,VIDEO,Sports Stories,English,False,88,88,6099.60,4158.82,36,17,40.91
C001654,VIDEO,Drama,Telugu,False,88,87,1636.18,1115.58,43,12,48.86
C001655,VIDEO,Thriller,Hindi,True,75,75,3680.33,2944.27,25,19,33.33
C001656,VIDEO,Drama,Tamil,False,94,94,5817.28,3713.16,38,25,40.43
C001657,VIDEO,Animation,English,False,97,96,4991.90,3087.77,36,19,37.11
C001658,MUSIC,Folk Fusion,English,False,90,90,293.17,195.44,32,19,35.56
C001659,MUSIC,Indie Pop,Kannada,True,88,88,317.87,216.73,35,9,39.77
C001660,PODCAST,Careers,English,True,72,72,3982.47,3318.72,30,11,41.67
C001661,VIDEO,Comedy,Hindi,False,84,83,3141.50,2243.93,31,14,36.90
C001662,MUSIC,Jazz,Bengali,False,75,75,265.72,212.57,33,11,44.00
C001663,VIDEO,Documentary,Hindi,True,84,84,2766.97,1976.4,27,16,32.14
C001664,PODCAST,Culture,Tamil,False,86,85,2102.02,1466.52,26,18,30.23
C001665,MUSIC,Folk Fusion,English,False,63,63,179.10,170.57,23,8,36.51
C001666,VIDEO,Documentary,English,True,79,78,5637.45,4281.61,28,20,35.44
C001667,VIDEO,Learning,Hindi,True,93,92,3153.02,2034.2,43,8,46.24
C001668,MUSIC,Instrumental,Kannada,False,68,67,213.77,188.62,21,15,30.88
C001669,VIDEO,Comedy,Hindi,False,85,85,6276.10,4430.19,37,14,43.53
C001670,VIDEO,Drama,English,False,88,88,5438.10,3707.8,38,18,43.18
C001671,MUSIC,Classical,English,False,85,85,172.45,121.73,24,15,28.24
C001672,MUSIC,Devotional,English,False,73,73,123.67,101.64,27,14,36.99
C001673,VIDEO,Animation,Hindi,False,78,78,2233.87,1718.36,26,6,33.33
C001674,VIDEO,Animation,Bengali,False,84,84,1664.87,1189.19,36,22,42.86
C001675,MUSIC,Classical,English,False,83,83,121.07,87.52,31,18,37.35
C001676,MUSIC,Instrumental,Hindi,True,89,89,115.87,78.11,31,19,34.83
C001677,VIDEO,Comedy,Spanish,True,91,91,1076.57,709.82,31,24,34.07
C001678,MUSIC,Indie Pop,English,False,63,63,206.67,196.83,21,11,33.33
C001679,MUSIC,Classical,English,False,107,107,412.25,231.17,46,18,42.99
C001680,VIDEO,Sports Stories,Tamil,True,98,98,6261.82,3833.77,33,21,33.67
C001681,VIDEO,Drama,Telugu,False,67,67,4249.78,3805.78,25,7,37.31
C001682,VIDEO,Thriller,English,True,106,106,7839.78,4437.61,50,21,47.17
C001683,VIDEO,Animation,English,True,84,84,1753.57,1252.55,34,13,40.48
C001684,VIDEO,Sports Stories,Kannada,False,94,94,6683.53,4266.09,39,19,41.49
C001685,MUSIC,Indie Pop,English,False,81,81,247.00,182.96,28,21,34.57
C001686,VIDEO,Documentary,Hindi,True,99,99,2022.95,1226.03,39,16,39.39
C001687,VIDEO,Sports Stories,Tamil,False,77,77,2443.05,1903.68,32,12,41.56
C001688,VIDEO,Animation,English,False,86,86,3699.63,2581.14,41,18,47.67
C001689,VIDEO,Documentary,Tamil,False,80,79,2601.48,1951.11,30,12,37.50
C001690,PODCAST,Technology,Spanish,False,84,84,3150.08,2250.06,34,16,40.48
C001691,MUSIC,Jazz,Telugu,True,95,95,382.15,241.36,39,21,41.05
C001692,VIDEO,Learning,English,False,78,77,4752.67,3655.9,29,12,37.18
C001693,MUSIC,Devotional,Hindi,False,95,95,169.72,107.19,35,20,36.84
C001694,VIDEO,Animation,English,True,93,93,3255.55,2100.35,30,19,32.26
C001695,MUSIC,Instrumental,English,False,96,96,238.90,149.31,36,18,37.50
C001696,MUSIC,Jazz,English,False,92,92,223.37,145.67,38,8,41.30
C001697,MUSIC,Devotional,English,False,80,80,266.90,200.18,30,14,37.50
C001698,MUSIC,Instrumental,Bengali,False,99,98,206.95,125.42,41,20,41.41
C001699,MUSIC,Classical,Telugu,False,96,96,321.78,201.11,40,20,41.67
C001700,MUSIC,Electronic,Tamil,False,69,69,234.02,203.49,26,20,37.68
C001701,VIDEO,Comedy,Hindi,False,74,74,4827.22,3913.96,26,14,35.14
C001702,VIDEO,Animation,Hindi,False,89,89,1479.88,997.67,36,14,40.45
C001703,VIDEO,Thriller,Spanish,True,86,86,3444.87,2403.4,32,25,37.21
C001704,VIDEO,Documentary,Kannada,False,93,93,2456.32,1584.72,48,14,51.61
C001705,MUSIC,Indie Pop,Telugu,False,87,87,280.65,193.55,25,19,28.74
C001706,PODCAST,Business,English,False,81,81,3489.92,2585.12,29,12,35.80
C001707,PODCAST,Technology,English,False,83,82,1781.73,1288.0,25,22,30.12
C001708,MUSIC,Indie Pop,Kannada,False,91,91,292.82,193.07,32,16,35.16
C001709,VIDEO,Sports Stories,Hindi,False,90,90,5673.55,3782.37,30,15,33.33
C001710,MUSIC,Devotional,Kannada,False,90,90,329.12,219.41,34,13,37.78
C001711,VIDEO,Thriller,Telugu,False,85,84,4025.95,2841.85,33,22,38.82
C001712,MUSIC,Electronic,English,False,95,95,242.43,153.12,35,16,36.84
C001713,MUSIC,Classical,Spanish,False,65,65,95.60,88.25,26,13,40.00
C001714,VIDEO,Drama,Bengali,False,77,77,2498.88,1947.18,31,13,40.26
C001715,PODCAST,Business,Hindi,False,80,80,3487.43,2615.58,26,21,32.50
C001716,VIDEO,Comedy,English,False,80,79,2291.58,1718.69,31,17,38.75
C001717,MUSIC,Classical,Kannada,False,92,92,219.83,143.37,40,14,43.48
C001718,PODCAST,Science,Tamil,False,81,81,2485.98,1841.47,38,13,46.91
C001719,VIDEO,Animation,English,False,86,86,5980.08,4172.15,37,15,43.02
C001720,MUSIC,Folk Fusion,English,False,94,94,314.40,200.68,31,27,32.98
C001721,MUSIC,Electronic,Hindi,False,87,87,260.62,179.74,33,16,37.93
C001722,VIDEO,Documentary,English,False,81,81,1448.02,1072.6,28,18,34.57
C001723,MUSIC,Classical,English,False,85,83,124.73,88.05,26,22,30.59
C001724,MUSIC,Devotional,Korean,False,103,103,380.00,221.36,36,18,34.95
C001725,MUSIC,Jazz,English,False,83,82,335.87,242.8,23,19,27.71
C001726,MUSIC,Devotional,Hindi,False,84,84,116.93,83.52,41,19,48.81
C001727,PODCAST,Business,English,False,84,84,3126.32,2233.08,35,14,41.67
C001728,MUSIC,Electronic,Hindi,False,74,74,301.10,244.14,28,15,37.84
C001729,MUSIC,Devotional,Telugu,False,91,91,201.25,132.69,35,22,38.46
C001730,VIDEO,Documentary,English,False,74,74,3898.32,3160.8,32,8,43.24
C001731,MUSIC,Jazz,Hindi,False,73,73,115.30,94.77,31,12,42.47
C001732,MUSIC,Classical,Spanish,False,90,89,300.47,200.31,37,21,41.11
C001733,VIDEO,Documentary,Spanish,False,95,95,2427.90,1533.41,34,22,35.79
C001734,MUSIC,Electronic,English,False,99,99,175.37,106.28,36,17,36.36
C001735,VIDEO,Drama,English,False,88,88,4682.42,3192.56,24,22,27.27
C001736,MUSIC,Instrumental,Hindi,True,80,80,333.58,250.19,26,18,32.50
C001737,MUSIC,Electronic,English,False,109,109,300.53,165.43,39,15,35.78
C001738,VIDEO,Sports Stories,Bengali,False,86,86,3696.85,2579.2,34,21,39.53
C001739,MUSIC,Jazz,English,False,97,96,137.25,84.9,31,15,31.96
C001740,VIDEO,Documentary,English,False,75,75,4607.88,3686.31,26,14,34.67
C001741,PODCAST,Careers,Hindi,False,74,74,1967.10,1594.95,33,16,44.59
C001742,PODCAST,Business,Tamil,False,78,78,685.13,527.03,32,9,41.03
C001743,MUSIC,Devotional,English,False,84,83,163.40,116.71,31,15,36.90
C001744,VIDEO,Comedy,English,False,95,95,3379.15,2134.2,34,15,35.79
C001745,MUSIC,Folk Fusion,Telugu,False,80,80,274.97,206.23,33,6,41.25
C001746,MUSIC,Folk Fusion,English,False,85,85,329.60,232.66,39,14,45.88
C001747,VIDEO,Animation,Kannada,False,85,85,2915.53,2058.02,41,14,48.24
C001748,MUSIC,Folk Fusion,English,False,85,84,305.87,215.91,29,20,34.12
C001749,MUSIC,Jazz,English,False,100,100,243.72,146.23,44,18,44.00
C001750,VIDEO,Thriller,Spanish,False,80,80,3398.18,2548.64,36,14,45.00
C001751,VIDEO,Animation,English,True,87,87,5906.55,4073.48,30,16,34.48
C001752,VIDEO,Sports Stories,Hindi,False,96,96,3406.78,2129.24,48,17,50.00
C001753,PODCAST,Culture,Hindi,False,94,94,1831.37,1168.96,32,30,34.04
C001754,MUSIC,Classical,English,False,67,67,280.82,251.48,30,12,44.78
C001755,VIDEO,Animation,Hindi,False,95,95,6695.45,4228.71,36,18,37.89
C001756,MUSIC,Devotional,English,True,82,82,290.13,212.29,29,14,35.37
C001757,MUSIC,Classical,English,False,90,90,137.25,91.5,43,17,47.78
C001758,VIDEO,Sports Stories,English,False,88,88,2162.92,1474.72,30,16,34.09
C001759,VIDEO,Animation,English,False,79,79,4300.12,3265.91,40,12,50.63
C001760,MUSIC,Folk Fusion,Hindi,True,81,81,302.28,223.91,30,22,37.04
C001761,VIDEO,Drama,Hindi,False,90,90,5973.58,3982.39,35,20,38.89
C001762,VIDEO,Thriller,English,False,74,74,3161.77,2563.59,22,20,29.73
C001763,MUSIC,Devotional,English,False,97,97,163.98,101.43,32,18,32.99
C001764,VIDEO,Learning,Korean,False,69,68,1103.90,959.91,26,14,37.68
C001765,VIDEO,Sports Stories,Bengali,False,83,83,3465.50,2505.18,28,16,33.73
C001766,MUSIC,Devotional,English,False,69,69,140.02,121.75,27,16,39.13
C001767,VIDEO,Sports Stories,Hindi,True,70,70,2911.17,2495.29,25,13,35.71
C001768,VIDEO,Learning,English,False,89,89,5660.60,3816.13,36,13,40.45
C001769,MUSIC,Folk Fusion,English,False,82,81,315.85,231.11,35,14,42.68
C001770,VIDEO,Thriller,Telugu,False,88,88,5439.35,3708.65,30,20,34.09
C001771,VIDEO,Animation,Korean,False,100,100,2016.48,1209.89,34,18,34.00
C001772,MUSIC,Indie Pop,Hindi,False,93,93,284.73,183.7,38,15,40.86
C001773,VIDEO,Thriller,Spanish,False,97,97,2470.90,1528.39,31,16,31.96
C001774,PODCAST,Science,Tamil,False,74,74,1443.48,1170.39,27,17,36.49
C001775,VIDEO,Drama,Hindi,True,81,81,1833.27,1357.98,27,19,33.33
C001776,PODCAST,History,Korean,True,93,93,969.83,625.7,33,20,35.48
C001777,MUSIC,Electronic,Tamil,False,98,97,399.05,244.32,38,21,38.78
C001778,MUSIC,Electronic,Hindi,False,70,70,231.37,198.31,26,17,37.14
C001779,MUSIC,Indie Pop,Hindi,False,77,77,135.33,105.45,28,15,36.36
C001780,PODCAST,Culture,English,False,81,81,3692.35,2735.07,30,16,37.04
C001781,PODCAST,Science,Spanish,False,66,66,2473.12,2248.29,24,9,36.36
C001782,MUSIC,Classical,Korean,False,89,89,364.15,245.49,35,12,39.33
C001783,VIDEO,Drama,Spanish,False,81,81,1815.47,1344.79,35,15,43.21
C001784,VIDEO,Comedy,English,False,72,72,4464.97,3720.81,28,12,38.89
C001785,VIDEO,Thriller,English,True,83,82,4053.25,2930.06,38,11,45.78
C001786,PODCAST,Business,English,True,94,94,1629.40,1040.04,32,22,34.04
C001787,VIDEO,Documentary,Kannada,False,100,99,4757.85,2854.71,25,18,25.00
C001788,MUSIC,Jazz,Kannada,False,85,85,102.22,72.15,29,26,34.12
C001789,VIDEO,Documentary,Hindi,True,94,94,2637.45,1683.48,38,15,40.43
C001790,PODCAST,Wellbeing,Tamil,False,101,101,4761.47,2828.59,40,18,39.60
C001791,PODCAST,Careers,Spanish,False,87,87,3667.53,2529.33,38,17,43.68
C001792,VIDEO,Animation,English,False,112,112,1461.05,782.71,49,29,43.75
C001793,PODCAST,Careers,English,False,93,93,4644.75,2996.61,35,22,37.63
C001794,PODCAST,Culture,English,True,92,91,3253.75,2122.01,47,19,51.09
C001795,MUSIC,Indie Pop,Hindi,False,71,71,261.48,220.97,28,18,39.44
C001796,VIDEO,Learning,Kannada,False,76,76,3577.68,2824.49,38,11,50.00
C001797,VIDEO,Animation,Spanish,False,95,95,1357.47,857.35,34,17,35.79
C001798,VIDEO,Thriller,English,False,80,80,3491.48,2618.61,24,16,30.00
C001799,VIDEO,Drama,Tamil,False,86,85,3838.50,2678.02,36,10,41.86
C001800,MUSIC,Electronic,Spanish,True,83,83,331.02,239.29,40,12,48.19
C001801,MUSIC,Classical,English,False,78,78,292.72,225.17,24,14,30.77
C001802,MUSIC,Classical,English,False,87,87,351.17,242.18,38,17,43.68
C001803,VIDEO,Comedy,English,False,89,89,1931.68,1302.26,30,14,33.71
C001804,VIDEO,Documentary,Korean,False,88,88,4766.85,3250.13,36,18,40.91
C001805,MUSIC,Classical,Tamil,True,82,82,120.67,88.29,29,16,35.37
C001806,VIDEO,Learning,Spanish,True,96,95,1544.25,965.16,35,20,36.46
C001807,PODCAST,Careers,English,False,98,98,2178.92,1334.03,37,19,37.76
C001808,MUSIC,Folk Fusion,Tamil,False,94,94,314.70,200.87,33,14,35.11
C001809,MUSIC,Devotional,Hindi,False,86,85,308.02,214.9,32,21,37.21
C001810,VIDEO,Comedy,Spanish,False,81,80,1951.70,1445.7,25,14,30.86
C001811,PODCAST,Business,Tamil,False,83,82,1813.70,1311.11,41,16,49.40
C001812,VIDEO,Sports Stories,Tamil,False,98,98,2499.60,1530.37,37,24,37.76
C001813,MUSIC,Jazz,English,False,91,91,362.10,238.75,32,16,35.16
C001814,MUSIC,Instrumental,Hindi,False,93,92,380.05,245.19,26,18,27.96
C001815,PODCAST,History,Spanish,False,99,99,3223.13,1953.41,37,15,37.37
C001816,VIDEO,Sports Stories,English,False,84,84,2784.97,1989.26,34,14,40.48
C001817,MUSIC,Indie Pop,English,False,96,95,126.55,79.09,40,16,41.67
C001818,MUSIC,Devotional,Hindi,False,77,77,184.75,143.96,27,23,35.06
C001819,VIDEO,Documentary,English,True,78,78,2835.32,2181.01,26,22,33.33
C001820,MUSIC,Instrumental,English,False,74,74,181.55,147.2,32,13,43.24
C001821,PODCAST,Careers,Spanish,False,82,82,4342.92,3177.74,32,18,39.02
C001822,VIDEO,Animation,Spanish,True,87,87,1213.73,837.06,29,14,33.33
C001823,MUSIC,Jazz,Hindi,False,104,104,145.53,83.96,33,22,31.73
C001824,VIDEO,Learning,Hindi,False,76,76,3326.00,2625.79,26,9,34.21
C001825,MUSIC,Jazz,English,False,76,76,241.78,190.88,27,16,35.53
C001826,MUSIC,Devotional,English,False,67,67,112.82,101.03,24,11,35.82
C001827,VIDEO,Thriller,Kannada,False,84,84,4875.30,3482.36,42,14,50.00
C001828,VIDEO,Drama,English,True,89,89,1236.80,833.8,39,14,43.82
C001829,MUSIC,Electronic,Hindi,False,79,79,143.52,109.0,29,12,36.71
C001830,MUSIC,Instrumental,Hindi,False,90,90,376.75,251.17,37,10,41.11
C001831,MUSIC,Folk Fusion,Spanish,False,89,89,214.97,144.92,38,12,42.70
C001832,MUSIC,Devotional,English,False,95,94,357.83,226.0,35,13,36.84
C001833,VIDEO,Learning,Bengali,False,87,87,3612.40,2491.31,34,9,39.08
C001834,VIDEO,Documentary,Tamil,True,86,86,4494.68,3135.83,33,18,38.37
C001835,MUSIC,Folk Fusion,English,False,89,89,188.17,126.85,32,15,35.96
C001836,VIDEO,Animation,English,False,89,89,5644.73,3805.44,36,16,40.45
C001837,VIDEO,Thriller,Korean,True,86,86,1987.98,1386.97,29,21,33.72
C001838,MUSIC,Indie Pop,Korean,True,91,91,213.28,140.63,32,30,35.16
C001839,VIDEO,Animation,English,False,84,84,5450.88,3893.49,30,19,35.71
C001840,VIDEO,Sports Stories,Tamil,True,87,87,4606.27,3176.74,44,11,50.57
C001841,MUSIC,Electronic,English,False,97,97,260.23,160.97,45,15,46.39
C001842,MUSIC,Instrumental,English,False,85,85,278.55,196.62,26,22,30.59
C001843,MUSIC,Jazz,Hindi,False,88,88,333.27,227.23,30,18,34.09
C001844,MUSIC,Folk Fusion,Hindi,True,84,84,213.92,152.8,29,12,34.52
C001845,VIDEO,Animation,Korean,False,90,90,3105.92,2070.61,43,15,47.78
C001846,VIDEO,Comedy,English,True,92,91,3678.20,2398.83,31,13,33.70
C001847,MUSIC,Jazz,Hindi,False,82,82,340.55,249.18,31,12,37.80
C001848,MUSIC,Classical,Korean,True,80,80,181.33,136.0,41,12,51.25
C001849,PODCAST,Culture,English,False,102,102,4462.95,2625.26,41,20,40.20
C001850,MUSIC,Devotional,Hindi,True,97,97,292.92,181.19,30,23,30.93
C001851,MUSIC,Folk Fusion,Korean,False,90,90,108.83,72.56,36,27,40.00
C001852,PODCAST,Culture,English,False,89,89,2224.15,1499.43,34,16,38.20
C001853,PODCAST,Technology,Telugu,False,95,95,1500.60,947.75,40,20,42.11
C001854,MUSIC,Devotional,Hindi,False,88,88,158.47,108.05,31,23,35.23
C001855,MUSIC,Folk Fusion,Korean,True,91,91,223.60,147.43,36,14,39.56
C001856,MUSIC,Indie Pop,Korean,False,82,82,334.92,245.06,36,11,43.90
C001857,VIDEO,Documentary,Korean,False,82,82,5968.47,4367.17,35,14,42.68
C001858,MUSIC,Folk Fusion,English,False,102,102,440.95,259.38,43,20,42.16
C001859,MUSIC,Electronic,Telugu,False,87,87,167.07,115.22,33,16,37.93
C001860,MUSIC,Folk Fusion,Bengali,False,89,88,165.05,111.27,24,21,26.97
C001861,MUSIC,Indie Pop,English,False,98,98,133.37,81.65,44,17,44.90
C001862,VIDEO,Thriller,Hindi,False,78,78,3808.58,2929.68,27,18,34.62
C001863,VIDEO,Drama,Hindi,False,83,82,3617.93,2615.37,27,17,32.53
C001864,VIDEO,Drama,English,False,97,97,4173.67,2581.65,33,17,34.02
C001865,MUSIC,Classical,Hindi,True,82,82,152.80,111.8,32,11,39.02
C001866,MUSIC,Electronic,Hindi,False,99,98,148.32,89.89,29,20,29.29
C001867,VIDEO,Animation,English,False,88,87,3163.18,2156.72,34,21,38.64
C001868,PODCAST,Wellbeing,English,True,83,83,1641.95,1186.95,32,13,38.55
C001869,VIDEO,Documentary,English,False,99,99,2123.75,1287.12,36,20,36.36
C001870,MUSIC,Indie Pop,Tamil,False,97,97,161.38,99.82,33,15,34.02
C001871,MUSIC,Instrumental,English,False,83,83,367.40,265.59,35,15,42.17
C001872,VIDEO,Animation,Tamil,False,102,101,7672.83,4513.43,46,16,45.10
C001873,MUSIC,Folk Fusion,Kannada,False,80,80,185.90,139.43,25,17,31.25
C001874,VIDEO,Documentary,Tamil,False,102,102,5250.23,3088.37,45,20,44.12
C001875,PODCAST,Business,Spanish,False,87,87,2993.00,2064.14,27,23,31.03
C001876,MUSIC,Jazz,Hindi,False,93,93,150.08,96.83,31,22,33.33
C001877,VIDEO,Comedy,Kannada,True,99,99,1700.60,1030.67,37,19,37.37
C001878,PODCAST,Technology,English,False,90,89,2462.08,1641.39,37,18,41.11
C001879,MUSIC,Classical,Telugu,False,84,84,229.33,163.81,27,15,32.14
C001880,VIDEO,Sports Stories,English,False,94,94,1884.30,1202.74,30,14,31.91
C001881,VIDEO,Sports Stories,Bengali,True,94,94,4879.80,3114.77,41,16,43.62
C001882,MUSIC,Electronic,Tamil,False,89,89,157.75,106.35,33,18,37.08
C001883,MUSIC,Electronic,Hindi,True,88,87,156.87,106.95,37,19,42.05
C001884,VIDEO,Drama,English,False,88,88,1404.57,957.66,35,15,39.77
C001885,PODCAST,History,English,False,76,76,759.93,599.95,32,12,42.11
C001886,MUSIC,Devotional,Hindi,False,89,89,243.90,164.43,31,18,34.83
C001887,VIDEO,Learning,English,False,92,92,4960.65,3235.21,36,14,39.13
C001888,VIDEO,Documentary,Hindi,False,86,86,5113.65,3567.66,37,15,43.02
C001889,PODCAST,Business,English,False,90,89,3647.50,2431.67,32,21,35.56
C001890,PODCAST,Technology,Tamil,False,90,90,1999.10,1332.73,29,24,32.22
C001891,VIDEO,Thriller,English,False,79,79,4564.38,3466.62,25,18,31.65
C001892,MUSIC,Indie Pop,Spanish,True,85,85,166.08,117.24,38,13,44.71
C001893,MUSIC,Folk Fusion,English,False,91,91,179.27,118.2,30,28,32.97
C001894,VIDEO,Documentary,English,False,90,90,3493.18,2328.79,34,17,37.78
C001895,VIDEO,Comedy,Telugu,False,94,94,2691.28,1717.84,41,20,43.62
C001896,MUSIC,Jazz,Tamil,False,88,88,292.30,199.3,24,21,27.27
C001897,MUSIC,Indie Pop,Spanish,False,82,82,263.30,192.66,24,17,29.27
C001898,MUSIC,Jazz,Tamil,False,97,97,312.85,193.52,38,16,39.18
C001899,PODCAST,History,Hindi,False,84,84,3041.07,2172.19,32,18,38.10
C001900,VIDEO,Thriller,English,True,83,83,2636.62,1905.99,33,18,39.76
C001901,MUSIC,Classical,English,False,76,76,322.77,254.82,34,14,44.74
C001902,VIDEO,Thriller,Telugu,False,94,94,1376.08,878.35,35,14,37.23
C001903,VIDEO,Animation,Hindi,False,89,89,2678.10,1805.46,31,23,34.83
C001904,PODCAST,Careers,Hindi,False,80,80,2014.27,1510.7,31,22,38.75
C001905,VIDEO,Comedy,Hindi,True,97,97,4423.83,2736.39,30,23,30.93
C001906,MUSIC,Instrumental,English,False,76,76,207.38,163.72,30,11,39.47
C001907,MUSIC,Instrumental,English,False,101,101,160.70,95.47,35,24,34.65
C001908,MUSIC,Indie Pop,English,False,82,82,313.12,229.11,28,15,34.15
C001909,VIDEO,Drama,English,False,90,90,1483.13,988.76,37,16,41.11
C001910,VIDEO,Learning,Korean,False,96,96,5365.67,3353.54,41,17,42.71
C001911,PODCAST,Business,Kannada,False,90,90,5302.37,3534.91,39,13,43.33
C001912,PODCAST,Technology,English,False,91,91,688.83,454.18,29,14,31.87
C001913,MUSIC,Jazz,Telugu,False,91,90,347.88,229.37,32,15,35.16
C001914,VIDEO,Drama,Hindi,False,90,90,4909.88,3273.26,35,16,38.89
C001915,VIDEO,Drama,Spanish,False,85,85,4590.32,3240.22,25,26,29.41
C001916,VIDEO,Comedy,English,False,86,86,1920.95,1340.2,35,17,40.70
C001917,MUSIC,Indie Pop,Tamil,False,91,91,148.17,97.69,37,14,40.66
C001918,PODCAST,History,English,False,86,86,2793.88,1949.22,35,18,40.70
C001919,MUSIC,Devotional,English,False,78,78,153.23,117.87,29,15,37.18
C001920,MUSIC,Jazz,Kannada,False,98,98,177.13,108.45,40,21,40.82
C001921,VIDEO,Thriller,Korean,True,77,77,1519.82,1184.27,27,13,35.06
C001922,PODCAST,History,English,True,85,85,685.13,483.62,40,14,47.06
C001923,VIDEO,Animation,Tamil,True,74,74,1971.83,1598.78,29,18,39.19
C001924,VIDEO,Thriller,Korean,False,95,95,1157.63,731.14,33,22,34.74
C001925,MUSIC,Electronic,Tamil,False,103,103,305.33,177.86,39,21,37.86
C001926,PODCAST,Technology,Bengali,False,88,87,3231.75,2203.47,39,16,44.32
C001927,PODCAST,History,Tamil,True,104,104,1192.13,687.77,29,25,27.88
C001928,VIDEO,Sports Stories,Tamil,False,89,89,2161.50,1457.19,42,17,47.19
C001929,VIDEO,Animation,English,False,92,92,5600.05,3652.21,27,14,29.35
C001930,MUSIC,Instrumental,Tamil,False,97,97,311.28,192.55,38,21,39.18
C001931,MUSIC,Instrumental,Tamil,False,98,98,222.37,136.14,34,21,34.69
C001932,PODCAST,Science,Hindi,False,90,90,2548.12,1698.74,30,21,33.33
C001933,MUSIC,Indie Pop,English,False,99,98,246.85,149.61,41,13,41.41
C001934,MUSIC,Instrumental,Kannada,False,87,87,197.22,136.01,31,20,35.63
C001935,PODCAST,Technology,English,False,75,75,2937.48,2349.99,26,14,34.67
C001936,VIDEO,Drama,Hindi,True,94,94,6442.78,4112.41,45,12,47.87
C001937,VIDEO,Thriller,English,False,98,98,1940.12,1187.83,39,19,39.80
C001938,VIDEO,Documentary,Tamil,False,90,90,6415.93,4277.29,40,18,44.44
C001939,PODCAST,Wellbeing,Bengali,True,92,92,3705.13,2416.39,27,21,29.35
C001940,MUSIC,Folk Fusion,English,False,69,69,236.30,205.48,28,18,40.58
C001941,MUSIC,Classical,Hindi,False,79,79,375.52,285.2,35,12,44.30
C001942,MUSIC,Classical,English,False,90,89,126.93,84.62,34,12,37.78
C001943,VIDEO,Documentary,Tamil,False,80,80,4511.32,3383.49,26,22,32.50
C001944,MUSIC,Devotional,Hindi,False,60,60,245.70,245.7,19,10,31.67
C001945,VIDEO,Learning,English,False,75,75,5378.35,4302.68,25,11,33.33
C001946,VIDEO,Learning,Bengali,False,87,87,3156.80,2177.1,32,21,36.78
C001947,VIDEO,Documentary,English,True,85,85,6391.45,4511.61,34,15,40.00
C001948,MUSIC,Indie Pop,English,False,81,81,201.25,149.07,29,10,35.80
C001949,VIDEO,Comedy,English,False,103,103,2867.03,1670.12,50,19,48.54
C001950,MUSIC,Jazz,English,True,82,82,302.63,221.44,29,20,35.37
C001951,MUSIC,Devotional,Bengali,False,91,91,190.35,125.51,38,21,41.76
C001952,VIDEO,Animation,English,False,88,88,2553.52,1741.03,41,22,46.59
C001953,MUSIC,Folk Fusion,Hindi,False,90,90,213.97,142.64,32,18,35.56
C001954,VIDEO,Drama,Telugu,False,104,104,6457.23,3725.33,42,14,40.38
C001955,PODCAST,History,Tamil,True,93,93,3022.58,1950.05,33,21,35.48
C001956,MUSIC,Folk Fusion,Tamil,False,86,86,233.67,163.02,26,17,30.23
C001957,VIDEO,Thriller,English,False,77,77,3687.42,2873.31,27,18,35.06
C001958,VIDEO,Learning,Hindi,False,101,101,7297.38,4335.08,38,19,37.62
C001959,PODCAST,Science,Tamil,True,94,94,1705.12,1088.37,38,14,40.43
C001960,PODCAST,Careers,Hindi,True,86,86,5069.42,3536.8,37,10,43.02
C001961,VIDEO,Documentary,Spanish,False,80,80,1226.40,919.8,26,16,32.50
C001962,MUSIC,Classical,Telugu,True,77,77,133.88,104.32,25,16,32.47
C001963,VIDEO,Animation,English,False,96,96,3883.42,2427.14,31,25,32.29
C001964,PODCAST,Science,English,False,97,97,1671.77,1034.08,35,12,36.08
C001965,PODCAST,Science,Hindi,False,81,81,4167.60,3087.11,27,15,33.33
C001966,VIDEO,Documentary,English,False,85,85,2659.67,1877.41,32,9,37.65
C001967,VIDEO,Comedy,English,False,86,86,1931.92,1347.85,27,14,31.40
C001968,PODCAST,Culture,Hindi,False,94,94,1564.33,998.51,32,16,34.04
C001969,MUSIC,Instrumental,English,False,76,76,257.53,203.32,28,12,36.84
C001970,VIDEO,Documentary,Korean,False,88,88,4944.13,3371.0,32,15,36.36
C001971,VIDEO,Documentary,English,False,94,94,2086.48,1331.8,33,16,35.11
C001972,VIDEO,Drama,Korean,False,96,95,3437.83,2148.65,34,17,35.42
C001973,VIDEO,Drama,English,False,87,87,6231.70,4297.72,35,15,40.23
C001974,MUSIC,Instrumental,English,False,89,89,176.45,118.96,31,16,34.83
C001975,VIDEO,Comedy,Telugu,False,74,74,3121.35,2530.82,25,18,33.78
C001976,VIDEO,Comedy,Hindi,True,93,93,4050.75,2613.39,33,16,35.48
C001977,MUSIC,Jazz,English,True,62,62,221.50,214.35,33,6,53.23
C001978,VIDEO,Learning,Telugu,False,118,118,5972.85,3037.04,40,23,33.90
C001979,PODCAST,History,Spanish,False,81,81,955.20,707.56,25,15,30.86
C001980,PODCAST,Careers,Telugu,False,70,69,1464.93,1255.66,22,17,31.43
C001981,VIDEO,Sports Stories,English,False,92,92,3782.28,2466.71,35,17,38.04
C001982,PODCAST,Technology,English,False,100,100,4121.77,2473.06,38,22,38.00
C001983,MUSIC,Devotional,Telugu,False,92,92,203.93,133.0,40,22,43.48
C001984,MUSIC,Indie Pop,Korean,False,82,82,339.55,248.45,39,13,47.56
C001985,VIDEO,Documentary,Hindi,False,96,95,2602.98,1626.86,29,26,30.21
C001986,MUSIC,Indie Pop,English,True,93,93,311.30,200.84,39,11,41.94
C001987,VIDEO,Comedy,Tamil,False,87,87,3591.02,2476.56,39,13,44.83
C001988,VIDEO,Thriller,Korean,False,99,99,5954.90,3609.03,42,19,42.42
C001989,VIDEO,Sports Stories,Kannada,False,90,89,4923.67,3282.44,36,17,40.00
C001990,VIDEO,Drama,Tamil,True,73,73,1121.90,922.11,27,13,36.99
C001991,MUSIC,Jazz,Telugu,False,87,87,291.62,201.11,40,14,45.98
C001992,MUSIC,Indie Pop,Spanish,False,89,89,371.32,250.33,29,18,32.58
C001993,PODCAST,Science,Telugu,False,79,79,1276.62,969.58,29,17,36.71
C001994,MUSIC,Devotional,Hindi,False,77,76,155.90,121.48,29,17,37.66
C001995,PODCAST,Business,Hindi,False,65,65,2782.52,2568.48,28,13,43.08
C001996,MUSIC,Instrumental,English,True,96,95,388.33,242.71,39,17,40.63
C001997,VIDEO,Sports Stories,English,True,77,77,4792.72,3734.58,30,17,38.96
C001998,VIDEO,Documentary,Telugu,True,93,93,1651.02,1065.17,37,22,39.78
C001999,VIDEO,Documentary,Telugu,False,81,81,1141.63,845.65,35,14,43.21
C002000,VIDEO,Thriller,Telugu,False,66,66,2110.17,1918.33,20,15,30.30
C002001,VIDEO,Documentary,Hindi,False,75,75,5042.82,4034.25,30,14,40.00
C002002,MUSIC,Indie Pop,Bengali,False,77,77,167.55,130.56,35,10,45.45
C002003,MUSIC,Indie Pop,Telugu,False,80,80,270.92,203.19,27,14,33.75
C002004,MUSIC,Folk Fusion,Bengali,False,85,85,277.37,195.79,35,19,41.18
C002005,PODCAST,Culture,English,False,62,62,2275.17,2201.77,22,8,35.48
C002006,VIDEO,Drama,Tamil,False,93,93,5474.53,3531.96,41,16,44.09
C002007,MUSIC,Electronic,English,False,76,76,306.45,241.93,30,16,39.47
C002008,VIDEO,Drama,English,True,89,89,6515.35,4392.37,32,16,35.96
C002009,MUSIC,Devotional,Hindi,False,87,87,151.15,104.24,33,15,37.93
C002010,MUSIC,Devotional,English,True,96,96,351.40,219.63,39,24,40.63
C002011,MUSIC,Devotional,English,False,84,84,252.83,180.6,34,14,40.48
C002012,MUSIC,Classical,English,True,94,94,216.28,138.05,35,23,37.23
C002013,PODCAST,Business,English,False,78,77,641.80,493.69,25,23,32.05
C002014,PODCAST,History,English,False,99,99,736.58,446.41,36,22,36.36
C002015,PODCAST,Culture,Korean,True,73,73,2348.58,1930.34,23,15,31.51
C002016,VIDEO,Documentary,Spanish,False,78,77,1177.73,905.95,27,17,34.62
C002017,VIDEO,Animation,Hindi,False,100,100,3108.95,1865.37,34,15,34.00
C002018,MUSIC,Instrumental,Telugu,False,89,89,282.80,190.65,33,18,37.08
C002019,MUSIC,Devotional,English,False,93,93,143.78,92.76,32,22,34.41
C002020,VIDEO,Thriller,English,True,79,79,1286.83,977.34,33,15,41.77
C002021,MUSIC,Jazz,English,False,89,89,203.02,136.87,39,16,43.82
C002022,VIDEO,Animation,Tamil,False,95,94,6175.88,3900.56,32,29,33.68
C002023,VIDEO,Drama,English,False,72,71,2276.68,1897.24,33,11,45.83
C002024,VIDEO,Thriller,English,False,88,88,5543.55,3779.69,32,13,36.36
C002025,VIDEO,Thriller,Hindi,False,81,81,5433.72,4024.98,33,14,40.74
C002026,VIDEO,Documentary,Kannada,False,90,89,3513.93,2342.62,32,17,35.56
C002027,VIDEO,Sports Stories,Telugu,False,72,72,5066.53,4222.11,35,12,48.61
C002028,MUSIC,Folk Fusion,Hindi,False,81,81,232.00,171.85,27,17,33.33
C002029,PODCAST,Culture,Hindi,False,77,77,3804.23,2964.34,22,16,28.57
C002030,PODCAST,History,Tamil,False,87,87,2390.27,1648.46,27,19,31.03
C002031,VIDEO,Documentary,English,False,81,81,2538.45,1880.33,32,16,39.51
C002032,VIDEO,Drama,Telugu,False,80,80,3335.72,2501.79,36,14,45.00
C002033,PODCAST,Business,English,True,84,83,2681.48,1915.35,34,11,40.48
C002034,VIDEO,Animation,Kannada,True,88,87,6355.07,4333.0,34,15,38.64
C002035,VIDEO,Thriller,Kannada,False,63,62,2346.60,2234.86,20,13,31.75
C002036,PODCAST,Careers,Bengali,False,89,89,4553.50,3069.78,32,14,35.96
C002037,VIDEO,Documentary,Korean,False,98,98,4535.52,2776.85,36,17,36.73
C002038,VIDEO,Documentary,Hindi,False,89,89,2067.35,1393.72,33,17,37.08
C002039,VIDEO,Documentary,English,False,100,100,3369.60,2021.76,33,17,33.00
C002040,MUSIC,Classical,Tamil,False,100,100,357.90,214.74,42,19,42.00
C002041,MUSIC,Indie Pop,Tamil,False,80,80,262.12,196.59,25,10,31.25
C002042,VIDEO,Sports Stories,Hindi,False,78,78,5619.77,4322.9,34,10,43.59
C002043,PODCAST,Careers,English,False,70,70,3507.70,3006.6,28,6,40.00
C002044,VIDEO,Learning,English,False,87,87,5595.65,3859.07,39,17,44.83
C002045,MUSIC,Devotional,English,False,72,72,282.08,235.07,25,10,34.72
C002046,MUSIC,Classical,English,False,86,86,250.50,174.77,34,15,39.53
C002047,PODCAST,Business,Hindi,False,113,113,5962.60,3165.98,54,20,47.79
C002048,VIDEO,Sports Stories,Korean,True,88,88,5160.63,3518.61,23,26,26.14
C002049,VIDEO,Learning,Spanish,False,101,101,5087.17,3022.08,31,15,30.69
C002050,PODCAST,Careers,English,False,78,78,602.90,463.77,30,16,38.46
C002051,MUSIC,Jazz,English,False,89,89,368.35,248.33,34,20,38.20
C002052,MUSIC,Devotional,English,False,90,90,240.47,160.31,34,16,37.78
C002053,MUSIC,Electronic,English,False,95,95,185.32,117.04,37,24,38.95
C002054,VIDEO,Learning,English,True,89,88,3426.37,2309.91,28,15,31.46
C002055,VIDEO,Drama,English,False,83,83,2174.05,1571.6,39,17,46.99
C002056,MUSIC,Instrumental,Korean,False,86,86,149.72,104.45,22,15,25.58
C002057,MUSIC,Indie Pop,Korean,True,81,81,136.08,100.8,39,15,48.15
C002058,VIDEO,Sports Stories,English,False,79,79,2057.73,1562.84,34,19,43.04
C002059,MUSIC,Indie Pop,Kannada,False,87,87,94.37,65.08,20,22,22.99
C002060,PODCAST,Business,Korean,False,76,76,1922.08,1517.43,31,14,40.79
C002061,VIDEO,Documentary,Telugu,True,80,80,1468.37,1101.28,36,19,45.00
C002062,VIDEO,Documentary,Spanish,False,98,98,1427.78,874.15,37,24,37.76
C002063,MUSIC,Classical,Spanish,True,72,72,268.55,223.79,23,19,31.94
C002064,VIDEO,Drama,Hindi,False,78,78,3711.85,2855.27,33,15,42.31
C002065,VIDEO,Sports Stories,Tamil,False,90,90,4227.13,2818.09,34,17,37.78
C002066,MUSIC,Classical,Telugu,True,81,80,314.98,233.32,26,17,32.10
C002067,PODCAST,Wellbeing,English,False,90,90,4633.35,3088.9,35,13,38.89
C002068,VIDEO,Learning,English,False,94,94,3958.75,2526.86,33,21,35.11
C002069,VIDEO,Learning,English,False,82,82,3216.23,2353.34,28,16,34.15
C002070,PODCAST,Science,Telugu,False,99,99,5113.77,3099.25,33,25,33.33
C002071,VIDEO,Animation,Kannada,False,101,101,4497.97,2672.06,43,13,42.57
C002072,MUSIC,Classical,English,False,96,96,338.13,211.33,36,21,37.50
C002073,VIDEO,Sports Stories,English,False,73,73,2768.50,2275.48,24,11,32.88
C002074,VIDEO,Documentary,Spanish,True,85,84,2665.57,1881.58,30,17,35.29
C002075,VIDEO,Sports Stories,Kannada,False,97,97,2911.35,1800.84,33,24,34.02
C002076,PODCAST,Culture,English,False,84,82,2271.45,1622.46,40,19,47.62
C002077,MUSIC,Classical,Hindi,False,74,74,119.20,96.65,30,20,40.54
C002078,PODCAST,Culture,Telugu,True,96,95,5199.05,3249.41,38,14,39.58
C002079,MUSIC,Instrumental,English,False,85,85,302.28,213.38,26,17,30.59
C002080,MUSIC,Devotional,Spanish,False,84,84,231.43,165.31,29,20,34.52
C002081,MUSIC,Instrumental,Hindi,True,88,88,332.15,226.47,38,19,43.18
C002082,MUSIC,Classical,English,False,76,76,267.67,211.32,32,12,42.11
C002083,VIDEO,Documentary,English,True,78,78,3513.58,2702.76,28,16,35.90
C002084,VIDEO,Animation,Spanish,False,79,79,4792.58,3639.94,33,10,41.77
C002085,MUSIC,Instrumental,Spanish,False,88,88,208.38,142.08,37,11,42.05
C002086,MUSIC,Instrumental,Telugu,False,92,91,294.03,191.76,37,21,40.22
C002087,VIDEO,Comedy,Telugu,False,76,76,2394.52,1890.41,25,21,32.89
C002088,VIDEO,Drama,English,False,77,77,3803.45,2963.73,22,18,28.57
C002089,MUSIC,Instrumental,English,False,91,91,359.85,237.26,39,19,42.86
C002090,MUSIC,Electronic,Tamil,False,73,73,191.13,157.1,30,19,41.10
C002091,MUSIC,Devotional,Telugu,False,82,82,270.27,197.76,33,20,40.24
C002092,MUSIC,Jazz,Telugu,True,94,94,186.35,118.95,28,17,29.79
C002093,MUSIC,Instrumental,Tamil,False,71,71,98.98,83.65,26,11,36.62
C002094,VIDEO,Learning,English,False,113,112,4780.93,2538.55,47,20,41.59
C002095,MUSIC,Instrumental,English,False,81,81,146.87,108.79,27,16,33.33
C002096,VIDEO,Sports Stories,English,False,71,71,2303.60,1946.7,30,14,42.25
C002097,PODCAST,Technology,Bengali,False,75,75,3967.73,3174.19,29,12,38.67
C002098,MUSIC,Folk Fusion,Tamil,False,91,90,356.25,234.89,41,12,45.05
C002099,VIDEO,Sports Stories,Kannada,False,81,81,1952.72,1446.46,29,16,35.80
C002100,VIDEO,Comedy,English,False,106,105,7366.45,4169.69,38,14,35.85
C002101,MUSIC,Electronic,Hindi,False,107,107,176.97,99.23,42,18,39.25
C002102,VIDEO,Documentary,Telugu,False,80,79,4927.30,3695.48,29,17,36.25
C002103,MUSIC,Folk Fusion,Korean,False,89,89,195.30,131.66,37,16,41.57
C002104,MUSIC,Instrumental,Telugu,False,91,91,363.45,239.64,38,18,41.76
C002105,MUSIC,Folk Fusion,Spanish,False,77,77,248.93,193.97,31,16,40.26
C002106,MUSIC,Devotional,Hindi,True,76,76,217.45,171.67,28,10,36.84
C002107,VIDEO,Learning,Bengali,False,76,76,3809.75,3007.7,37,9,48.68
C002108,MUSIC,Jazz,English,True,68,68,191.65,169.1,19,15,27.94
C002109,VIDEO,Sports Stories,Spanish,True,87,86,3232.90,2229.59,32,16,36.78
C002110,MUSIC,Indie Pop,English,False,89,89,169.28,114.12,27,13,30.34
C002111,MUSIC,Electronic,English,False,104,104,346.48,199.89,43,21,41.35
C002112,VIDEO,Learning,English,False,90,89,2242.67,1495.11,40,15,44.44
C002113,PODCAST,Careers,English,False,80,80,3197.62,2398.21,31,12,38.75
C002114,MUSIC,Indie Pop,English,False,81,81,340.83,252.47,30,18,37.04
C002115,VIDEO,Sports Stories,Hindi,False,98,98,4188.17,2564.18,35,15,35.71
C002116,MUSIC,Indie Pop,Telugu,True,92,92,166.55,108.62,36,21,39.13
C002117,MUSIC,Folk Fusion,English,False,83,83,342.68,247.72,39,14,46.99
C002118,VIDEO,Documentary,English,False,82,82,5420.32,3966.09,27,15,32.93
C002119,MUSIC,Devotional,English,False,91,91,322.27,212.48,44,10,48.35
C002120,VIDEO,Thriller,Telugu,True,81,81,2847.53,2109.28,32,15,39.51
C002121,MUSIC,Devotional,English,False,98,98,341.02,208.79,39,14,39.80
C002122,MUSIC,Jazz,Telugu,False,74,74,242.88,196.93,29,18,39.19
C002123,VIDEO,Animation,Hindi,False,86,86,3116.47,2174.28,32,19,37.21
C002124,MUSIC,Electronic,English,False,89,89,302.77,204.11,27,14,30.34
C002125,MUSIC,Jazz,English,False,86,85,248.02,173.03,38,17,44.19
C002126,VIDEO,Documentary,English,False,96,96,1705.22,1065.76,38,15,39.58
C002127,MUSIC,Jazz,English,False,91,91,329.98,217.57,36,13,39.56
C002128,PODCAST,Business,English,False,81,81,2385.25,1766.85,32,11,39.51
C002129,MUSIC,Electronic,Hindi,False,83,83,302.03,218.34,30,16,36.14
C002130,VIDEO,Comedy,English,False,88,87,5927.07,4041.18,34,22,38.64
C002131,MUSIC,Jazz,English,False,71,71,130.38,110.18,26,18,36.62
C002132,MUSIC,Jazz,Spanish,True,82,82,269.55,197.23,39,14,47.56
C002133,MUSIC,Indie Pop,English,False,89,89,160.53,108.22,28,16,31.46
C002134,VIDEO,Thriller,Telugu,True,72,72,3808.37,3173.64,24,14,33.33
C002135,VIDEO,Documentary,English,False,77,77,5845.38,4554.84,33,11,42.86
C002136,VIDEO,Sports Stories,Hindi,True,85,85,3419.05,2413.45,41,11,48.24
C002137,VIDEO,Drama,English,False,84,84,3412.20,2437.29,40,11,47.62
C002138,PODCAST,Careers,Korean,False,94,94,3620.30,2310.83,43,19,45.74
C002139,MUSIC,Instrumental,Spanish,False,76,76,200.35,158.17,26,11,34.21
C002140,MUSIC,Jazz,English,False,86,86,299.68,209.08,28,20,32.56
C002141,VIDEO,Animation,Hindi,False,85,85,5849.38,4128.98,32,20,37.65
C002142,MUSIC,Folk Fusion,Korean,True,81,80,312.92,231.79,26,16,32.10
C002143,PODCAST,Technology,Hindi,True,79,79,1215.37,923.06,22,24,27.85
C002144,MUSIC,Electronic,Hindi,False,93,92,176.97,114.17,38,13,40.86
C002145,VIDEO,Thriller,English,False,78,77,2312.13,1778.56,27,14,34.62
C002146,MUSIC,Indie Pop,Hindi,False,95,95,274.77,173.54,34,13,35.79
C002147,MUSIC,Jazz,Hindi,False,90,90,138.52,92.34,37,19,41.11
C002148,VIDEO,Comedy,Hindi,True,86,86,3786.60,2641.81,40,15,46.51
C002149,MUSIC,Classical,Hindi,False,75,75,245.85,196.68,25,16,33.33
C002150,PODCAST,Business,Korean,False,86,86,1020.13,711.72,45,13,52.33
C002151,PODCAST,Careers,English,False,89,89,2080.63,1402.67,35,13,39.33
C002152,MUSIC,Indie Pop,English,True,95,95,373.13,235.66,41,13,43.16
C002153,VIDEO,Drama,English,False,78,78,3762.47,2894.21,33,12,42.31
C002154,VIDEO,Thriller,Telugu,False,86,86,1157.65,807.66,27,15,31.40
C002155,MUSIC,Folk Fusion,English,True,84,84,286.52,204.65,31,21,36.90
C002156,VIDEO,Sports Stories,Hindi,False,84,84,1359.33,970.95,32,14,38.10
C002157,PODCAST,Business,English,False,95,95,3679.57,2323.94,34,17,35.79
C002158,MUSIC,Folk Fusion,Telugu,False,73,73,291.00,239.18,33,13,45.21
C002159,MUSIC,Instrumental,Hindi,False,80,80,111.02,83.26,33,14,41.25
C002160,MUSIC,Electronic,Tamil,False,69,69,96.03,83.51,25,20,36.23
C002161,PODCAST,Wellbeing,English,True,74,74,613.45,497.39,21,13,28.38
C002162,PODCAST,Technology,Bengali,False,86,86,3858.53,2692.0,28,16,32.56
C002163,VIDEO,Drama,English,False,78,78,4190.60,3223.54,21,18,26.92
C002164,PODCAST,Technology,Telugu,False,80,80,1427.43,1070.58,23,20,28.75
C002165,MUSIC,Jazz,Tamil,False,75,75,302.90,242.32,26,15,34.67
C002166,PODCAST,Science,Telugu,False,97,97,1455.62,900.38,30,14,30.93
C002167,MUSIC,Classical,Hindi,True,110,110,184.77,100.78,34,25,30.91
C002168,VIDEO,Learning,Korean,True,88,88,3710.25,2529.72,35,15,39.77
C002169,VIDEO,Learning,Tamil,False,76,76,3877.50,3061.18,22,16,28.95
C002170,VIDEO,Drama,English,False,90,90,2244.42,1496.28,39,17,43.33
C002171,VIDEO,Animation,English,True,98,98,4315.35,2642.05,39,22,39.80
C002172,MUSIC,Folk Fusion,English,False,82,82,120.22,87.96,42,11,51.22
C002173,VIDEO,Sports Stories,English,False,88,88,4156.30,2833.84,36,14,40.91
C002174,MUSIC,Indie Pop,Hindi,False,101,101,343.87,204.28,38,17,37.62
C002175,VIDEO,Learning,English,False,90,90,2807.10,1871.4,35,22,38.89
C002176,MUSIC,Jazz,English,False,69,69,233.93,203.42,23,18,33.33
C002177,PODCAST,Business,English,False,80,80,906.37,679.78,34,15,42.50
C002178,VIDEO,Comedy,Korean,False,102,102,5638.52,3316.77,41,20,40.20
C002179,VIDEO,Drama,Telugu,False,76,76,3501.78,2764.57,27,18,35.53
C002180,MUSIC,Electronic,English,False,104,104,288.23,166.29,35,14,33.65
C002181,VIDEO,Sports Stories,Telugu,False,61,61,3627.72,3568.25,22,11,36.07
C002182,MUSIC,Classical,Kannada,False,88,88,368.35,251.15,31,15,35.23
C002183,PODCAST,Science,English,True,85,85,3271.42,2309.24,32,20,37.65
C002184,MUSIC,Classical,Bengali,False,79,79,254.12,193.0,31,20,39.24
C002185,VIDEO,Documentary,English,False,81,81,1854.70,1373.85,25,13,30.86
C002186,MUSIC,Folk Fusion,English,True,71,71,118.97,100.54,27,10,38.03
C002187,VIDEO,Documentary,English,True,92,92,2468.82,1610.1,34,14,36.96
C002188,PODCAST,Culture,Telugu,False,91,91,3448.70,2273.87,38,18,41.76
C002189,VIDEO,Comedy,Hindi,False,83,83,1158.23,837.28,32,15,38.55
C002190,PODCAST,Science,English,False,83,83,3528.28,2550.57,24,21,28.92
C002191,VIDEO,Learning,English,False,80,80,3067.23,2300.43,35,12,43.75
C002192,VIDEO,Thriller,English,False,79,79,2976.40,2260.56,33,14,41.77
C002193,VIDEO,Drama,Telugu,False,82,81,4870.73,3563.95,29,15,35.37
C002194,PODCAST,Science,English,False,64,64,1904.08,1785.08,27,11,42.19
C002195,VIDEO,Learning,English,False,77,77,3070.52,2392.61,27,11,35.06
C002196,PODCAST,History,English,False,92,92,5110.15,3332.71,38,14,41.30
C002197,PODCAST,Careers,Korean,False,76,76,3783.32,2986.83,29,10,38.16
C002198,VIDEO,Animation,English,True,98,98,4929.03,3017.78,31,30,31.63
C002199,PODCAST,Culture,English,False,83,83,1396.02,1009.17,34,11,40.96
C002200,PODCAST,Careers,Korean,False,84,84,2935.43,2096.74,32,12,38.10
C002201,MUSIC,Devotional,Korean,True,90,90,293.90,195.93,38,17,42.22
C002202,MUSIC,Jazz,English,False,84,84,277.12,197.94,29,19,34.52
C002203,PODCAST,Business,English,False,89,89,3192.00,2151.91,31,16,34.83
C002204,MUSIC,Classical,Telugu,False,74,74,140.67,114.05,36,18,48.65
C002205,VIDEO,Animation,English,False,99,99,5306.93,3216.32,26,25,26.26
C002206,VIDEO,Animation,Hindi,False,92,92,3425.03,2233.72,36,21,39.13
C002207,VIDEO,Comedy,English,False,73,73,3610.03,2967.15,31,9,42.47
C002208,MUSIC,Devotional,Hindi,False,86,86,282.67,197.21,34,14,39.53
C002209,MUSIC,Instrumental,English,False,81,81,350.88,259.91,33,15,40.74
C002210,VIDEO,Thriller,English,True,79,79,4933.00,3746.58,26,13,32.91
C002211,PODCAST,Wellbeing,English,False,97,97,4491.47,2778.23,39,18,40.21
C002212,MUSIC,Folk Fusion,Telugu,False,99,98,160.57,97.31,38,19,38.38
C002213,VIDEO,Learning,English,False,89,89,4736.28,3193.0,37,14,41.57
C002214,MUSIC,Classical,Korean,False,85,85,194.22,137.09,27,18,31.76
C002215,PODCAST,Science,Tamil,False,76,76,3325.95,2625.75,23,20,30.26
C002216,VIDEO,Animation,Telugu,False,88,88,2131.72,1453.44,23,20,26.14
C002217,MUSIC,Classical,Tamil,False,94,92,384.82,245.63,32,16,34.04
C002218,PODCAST,History,Telugu,True,102,102,4433.47,2607.92,43,18,42.16
C002219,VIDEO,Animation,English,False,92,92,1488.55,970.79,35,14,38.04
C002220,VIDEO,Animation,Telugu,False,106,106,2746.23,1554.47,45,21,42.45
C002221,MUSIC,Instrumental,Telugu,False,63,63,203.25,193.57,25,10,39.68
C002222,VIDEO,Sports Stories,Hindi,True,73,73,1304.40,1072.11,27,9,36.99
C002223,MUSIC,Folk Fusion,Telugu,False,103,103,332.30,193.57,43,19,41.75
C002224,PODCAST,Wellbeing,Telugu,False,79,79,2225.20,1690.03,39,15,49.37
C002225,MUSIC,Jazz,English,False,91,91,209.08,137.86,31,21,34.07
C002226,VIDEO,Comedy,Korean,False,64,64,2737.65,2566.55,24,11,37.50
C002227,VIDEO,Sports Stories,English,False,88,88,4206.25,2867.9,34,17,38.64
C002228,VIDEO,Drama,English,True,89,88,3964.48,2672.69,31,25,34.83
C002229,VIDEO,Animation,Spanish,False,94,94,4485.87,2863.32,34,15,36.17
C002230,VIDEO,Sports Stories,Bengali,True,96,95,4868.92,3043.07,38,13,39.58
C002231,VIDEO,Documentary,English,False,82,82,3228.70,2362.46,30,16,36.59
C002232,PODCAST,History,English,False,78,78,533.10,410.08,31,14,39.74
C002233,MUSIC,Devotional,English,True,80,80,158.70,119.03,30,13,37.50
C002234,MUSIC,Jazz,English,False,102,101,342.87,201.69,37,24,36.27
C002235,VIDEO,Drama,Telugu,True,93,93,6015.15,3880.74,40,16,43.01
C002236,VIDEO,Drama,Hindi,True,65,65,2027.58,1871.62,26,9,40.00
C002237,MUSIC,Devotional,Hindi,False,96,96,385.65,241.03,31,23,32.29
C002238,MUSIC,Folk Fusion,English,False,88,88,345.22,235.38,29,19,32.95
C002239,MUSIC,Instrumental,Hindi,False,70,70,193.18,165.59,28,12,40.00
C002240,VIDEO,Animation,Telugu,False,82,82,4103.77,3002.76,33,17,40.24
C002241,VIDEO,Learning,Kannada,False,92,92,6025.50,3929.67,36,16,39.13
C002242,MUSIC,Instrumental,Telugu,True,84,84,262.42,187.44,31,20,36.90
C002243,VIDEO,Animation,Telugu,False,81,81,3784.17,2803.09,29,18,35.80
C002244,PODCAST,Culture,English,False,64,64,1768.33,1657.81,28,7,43.75
C002245,MUSIC,Folk Fusion,English,False,81,81,105.83,78.4,33,18,40.74
C002246,VIDEO,Animation,English,False,85,85,5376.65,3795.28,24,20,28.24
C002247,MUSIC,Folk Fusion,Tamil,False,95,95,301.20,190.23,34,17,35.79
C002248,PODCAST,Technology,English,False,100,100,621.28,372.77,34,22,34.00
C002249,MUSIC,Indie Pop,Hindi,False,88,88,242.83,165.57,29,27,32.95
C002250,MUSIC,Classical,Hindi,False,82,82,284.53,208.2,22,24,26.83
C002251,MUSIC,Jazz,English,False,77,77,298.03,232.23,26,17,33.77
C002252,VIDEO,Learning,Hindi,True,97,96,1393.08,861.7,40,20,41.24
C002253,VIDEO,Learning,Hindi,False,71,71,5037.05,4256.66,28,12,39.44
C002254,MUSIC,Instrumental,Bengali,False,105,105,165.98,94.85,43,26,40.95
C002255,VIDEO,Thriller,Hindi,True,85,85,2169.40,1531.34,35,12,41.18
C002256,MUSIC,Classical,English,False,83,83,188.32,136.13,23,14,27.71
C002257,VIDEO,Thriller,Tamil,False,87,87,5494.68,3789.44,35,14,40.23
C002258,MUSIC,Jazz,Bengali,False,101,101,211.80,125.82,43,22,42.57
C002259,MUSIC,Devotional,Telugu,False,97,97,186.00,115.05,33,16,34.02
C002260,MUSIC,Devotional,Spanish,True,79,79,322.65,245.05,32,16,40.51
C002261,VIDEO,Thriller,Hindi,False,81,81,2455.35,1818.78,31,14,38.27
C002262,VIDEO,Sports Stories,English,False,67,67,4611.20,4129.43,24,12,35.82
C002263,VIDEO,Learning,Kannada,False,90,90,5481.88,3654.59,34,17,37.78
C002264,PODCAST,Wellbeing,English,False,92,92,2740.47,1787.26,33,16,35.87
C002265,VIDEO,Drama,Hindi,False,98,98,4896.82,2998.05,39,21,39.80
C002266,MUSIC,Indie Pop,Hindi,True,92,92,220.23,143.63,39,17,42.39
C002267,VIDEO,Animation,Hindi,False,71,71,897.35,758.32,27,13,38.03
C002268,MUSIC,Electronic,Spanish,False,86,86,356.57,248.77,42,17,48.84
C002269,VIDEO,Animation,English,False,90,90,4944.45,3296.3,41,15,45.56
C002270,MUSIC,Folk Fusion,Hindi,True,81,81,136.15,100.85,20,19,24.69
C002271,PODCAST,Culture,Hindi,False,83,83,3771.80,2726.6,30,14,36.14
C002272,MUSIC,Jazz,English,True,82,82,154.78,113.26,36,12,43.90
C002273,VIDEO,Thriller,English,False,88,88,5549.57,3783.8,33,19,37.50
C002274,MUSIC,Jazz,English,True,66,65,98.52,89.56,26,10,39.39
C002275,PODCAST,Careers,Hindi,False,68,67,705.10,622.15,25,13,36.76
C002276,VIDEO,Comedy,Korean,True,84,84,5033.02,3595.01,28,18,33.33
C002277,VIDEO,Comedy,English,False,78,78,1073.67,825.9,23,14,29.49
C002278,VIDEO,Thriller,English,True,82,82,1006.52,736.48,30,15,36.59
C002279,PODCAST,Culture,English,False,84,84,3081.68,2201.2,32,9,38.10
C002280,VIDEO,Documentary,English,False,78,78,5442.73,4186.72,33,10,42.31
C002281,VIDEO,Sports Stories,English,False,94,94,4408.25,2813.78,33,17,35.11
C002282,VIDEO,Comedy,Bengali,True,93,93,6662.48,4298.38,42,14,45.16
C002283,VIDEO,Sports Stories,Hindi,False,80,80,2918.55,2188.91,21,18,26.25
C002284,MUSIC,Electronic,English,True,69,69,171.18,148.86,27,15,39.13
C002285,VIDEO,Drama,Hindi,False,93,93,5704.42,3680.27,39,20,41.94
C002286,MUSIC,Folk Fusion,Bengali,False,85,85,270.80,191.15,37,14,43.53
C002287,VIDEO,Comedy,Telugu,True,85,85,1236.22,872.62,30,18,35.29
C002288,VIDEO,Thriller,Hindi,False,101,101,2180.68,1295.46,46,12,45.54
C002289,VIDEO,Documentary,English,True,80,80,2545.68,1909.26,30,15,37.50
C002290,VIDEO,Sports Stories,English,False,83,83,5087.10,3677.42,28,20,33.73
C002291,MUSIC,Devotional,Hindi,False,87,87,126.87,87.49,36,14,41.38
C002292,PODCAST,Wellbeing,Hindi,False,77,77,662.23,516.03,35,19,45.45
C002293,MUSIC,Electronic,Hindi,False,69,69,233.58,203.12,27,12,39.13
C002294,VIDEO,Learning,Korean,False,84,84,2650.98,1893.56,29,18,34.52
C002295,MUSIC,Indie Pop,English,False,84,84,187.02,133.58,32,18,38.10
C002296,MUSIC,Jazz,Korean,False,109,109,248.58,136.83,38,26,34.86
C002297,PODCAST,Culture,English,True,87,87,2641.68,1821.85,37,21,42.53
C002298,MUSIC,Instrumental,English,False,88,88,374.73,255.5,37,15,42.05
C002299,VIDEO,Comedy,English,False,91,90,3827.58,2523.68,41,16,45.05
C002300,MUSIC,Devotional,Tamil,False,91,91,380.08,250.6,35,16,38.46
C002301,VIDEO,Animation,Korean,False,113,113,3901.70,2071.7,39,15,34.51
C002302,PODCAST,Science,English,True,80,80,2579.25,1934.44,31,15,38.75
C002303,VIDEO,Drama,English,False,81,81,4342.77,3216.86,33,15,40.74
C002304,MUSIC,Folk Fusion,English,False,75,75,157.98,126.39,27,11,36.00
C002305,MUSIC,Indie Pop,Tamil,False,84,84,170.57,121.83,28,16,33.33
C002306,PODCAST,Technology,Hindi,False,96,95,4000.08,2500.05,40,17,41.67
C002307,VIDEO,Thriller,Kannada,False,97,97,6745.27,4172.33,32,19,32.99
C002308,MUSIC,Folk Fusion,Telugu,False,101,100,368.83,219.11,44,12,43.56
C002309,MUSIC,Devotional,English,False,80,80,260.90,195.68,32,23,40.00
C002310,VIDEO,Documentary,Tamil,False,76,76,5702.05,4501.62,29,10,38.16
C002311,VIDEO,Thriller,Hindi,True,75,75,3230.53,2584.43,31,11,41.33
C002312,VIDEO,Drama,Spanish,False,90,90,3949.60,2633.07,37,15,41.11
C002313,MUSIC,Indie Pop,English,True,80,80,217.47,163.1,32,15,40.00
C002314,VIDEO,Learning,English,False,77,77,4383.63,3415.82,36,13,46.75
C002315,MUSIC,Indie Pop,English,False,73,73,174.78,143.66,33,11,45.21
C002316,PODCAST,Science,Telugu,False,92,91,4876.75,3180.49,35,19,38.04
C002317,MUSIC,Folk Fusion,Korean,True,94,94,117.05,74.71,34,16,36.17
C002318,MUSIC,Devotional,Telugu,True,81,81,251.67,186.42,36,14,44.44
C002319,VIDEO,Drama,Tamil,False,92,91,1319.55,860.58,31,20,33.70
C002320,MUSIC,Devotional,Tamil,True,94,94,200.02,127.67,28,25,29.79
C002321,PODCAST,Technology,Kannada,False,100,100,4576.00,2745.6,30,18,30.00
C002322,MUSIC,Classical,English,False,94,94,223.18,142.46,33,25,35.11
C002323,MUSIC,Folk Fusion,Tamil,False,106,106,198.40,112.3,34,23,32.08
C002324,MUSIC,Classical,English,False,90,90,348.30,232.2,35,12,38.89
C002325,VIDEO,Comedy,English,False,83,82,6063.62,4383.34,35,13,42.17
C002326,VIDEO,Thriller,English,True,77,77,5938.80,4627.64,34,14,44.16
C002327,VIDEO,Sports Stories,English,False,78,78,3100.23,2384.79,23,15,29.49
C002328,MUSIC,Indie Pop,English,True,87,87,356.93,246.16,33,16,37.93
C002329,MUSIC,Electronic,Korean,False,73,73,177.75,146.1,19,17,26.03
C002330,VIDEO,Comedy,Kannada,False,88,88,1453.35,990.92,38,13,43.18
C002331,MUSIC,Jazz,English,False,69,69,228.48,198.68,26,15,37.68
C002332,VIDEO,Documentary,Korean,False,95,95,3565.90,2252.15,39,21,41.05
C002333,PODCAST,Science,English,False,90,90,855.68,570.46,37,17,41.11
C002334,PODCAST,Careers,Kannada,True,91,91,2082.53,1373.1,39,14,42.86
C002335,VIDEO,Thriller,Spanish,False,88,88,5617.10,3829.84,37,14,42.05
C002336,PODCAST,Technology,Tamil,False,90,90,2189.32,1459.54,32,21,35.56
C002337,PODCAST,Wellbeing,English,False,84,84,4828.52,3448.94,30,12,35.71
C002338,VIDEO,Comedy,English,False,82,82,4627.40,3385.9,26,13,31.71
C002339,MUSIC,Instrumental,Bengali,False,87,87,331.83,228.85,34,20,39.08
C002340,VIDEO,Comedy,Telugu,True,92,92,1586.78,1034.86,35,22,38.04
C002341,VIDEO,Comedy,English,False,81,81,5281.47,3912.2,27,20,33.33
C002342,VIDEO,Animation,Bengali,False,82,82,3330.88,2437.23,28,18,34.15
C002343,VIDEO,Thriller,English,False,81,80,5448.48,4035.91,32,15,39.51
C002344,VIDEO,Animation,English,True,80,79,4139.03,3104.28,34,11,42.50
C002345,MUSIC,Electronic,Hindi,False,75,75,98.87,79.09,28,13,37.33
C002346,PODCAST,Business,Telugu,True,75,75,442.92,354.33,19,21,25.33
C002347,VIDEO,Drama,Hindi,True,101,101,6090.32,3618.01,36,18,35.64
C002348,VIDEO,Sports Stories,English,False,83,83,5697.03,4118.34,37,10,44.58
C002349,PODCAST,Business,Hindi,False,90,90,4811.40,3207.6,37,14,41.11
C002350,VIDEO,Learning,English,False,86,85,1219.25,850.64,30,19,34.88
C002351,VIDEO,Documentary,Telugu,False,72,72,1398.68,1165.57,24,15,33.33
C002352,MUSIC,Indie Pop,Tamil,False,79,77,342.80,260.35,33,9,41.77
C002353,MUSIC,Instrumental,Spanish,True,85,85,277.05,195.56,30,16,35.29
C002354,VIDEO,Comedy,English,True,89,89,2473.38,1667.45,27,14,30.34
C002355,VIDEO,Thriller,Spanish,False,90,90,3091.97,2061.31,34,19,37.78
C002356,MUSIC,Classical,English,False,84,84,311.62,222.58,37,14,44.05
C002357,PODCAST,History,English,False,88,88,3308.65,2255.9,33,10,37.50
C002358,VIDEO,Comedy,Bengali,False,86,86,4158.40,2901.21,36,22,41.86
C002359,VIDEO,Drama,Hindi,True,90,90,1987.10,1324.73,35,22,38.89
C002360,VIDEO,Drama,Kannada,False,91,91,3093.72,2039.81,44,12,48.35
C002361,VIDEO,Comedy,Hindi,False,84,84,4214.37,3010.26,41,12,48.81
C002362,MUSIC,Devotional,Hindi,False,70,70,126.17,108.14,31,9,44.29
C002363,PODCAST,Technology,Hindi,False,88,88,676.73,461.41,38,18,43.18
C002364,PODCAST,History,English,False,94,94,3517.85,2245.44,37,17,39.36
C002365,MUSIC,Instrumental,English,False,92,92,313.87,204.7,35,14,38.04
C002366,VIDEO,Drama,Tamil,True,90,90,3195.27,2130.18,31,21,34.44
C002367,VIDEO,Comedy,English,False,85,85,6360.37,4489.67,33,14,38.82
C002368,VIDEO,Comedy,Telugu,False,84,83,2910.68,2079.06,35,12,41.67
C002369,MUSIC,Instrumental,Telugu,False,90,90,351.97,234.64,35,11,38.89
C002370,MUSIC,Electronic,Tamil,False,79,79,112.22,85.23,25,14,31.65
C002371,PODCAST,Science,English,False,78,78,1280.13,984.72,24,15,30.77
C002372,PODCAST,Wellbeing,Tamil,False,102,101,3167.07,1862.98,38,17,37.25
C002373,VIDEO,Animation,Telugu,True,99,99,4734.38,2869.32,33,28,33.33
C002374,PODCAST,Careers,Tamil,False,78,78,2174.53,1672.72,27,16,34.62
C002375,VIDEO,Thriller,Hindi,False,71,70,4299.95,3633.76,23,16,32.39
C002376,VIDEO,Documentary,Hindi,False,87,87,3804.32,2623.67,30,13,34.48
C002377,VIDEO,Drama,Kannada,False,88,88,1251.68,853.42,22,16,25.00
C002378,VIDEO,Learning,English,False,89,89,4023.18,2712.26,32,20,35.96
C002379,MUSIC,Jazz,Spanish,False,82,82,171.97,125.83,31,16,37.80
C002380,MUSIC,Devotional,English,True,72,71,175.68,146.4,29,13,40.28
C002381,MUSIC,Electronic,English,False,87,87,360.90,248.9,31,17,35.63
C002382,VIDEO,Sports Stories,Korean,False,79,78,1995.15,1515.3,31,16,39.24
C002383,PODCAST,History,Tamil,False,85,85,1606.77,1134.19,29,17,34.12
C002384,MUSIC,Classical,English,False,82,82,239.60,175.32,35,17,42.68
C002385,MUSIC,Indie Pop,English,False,85,85,320.97,226.56,36,14,42.35
C002386,MUSIC,Jazz,English,False,85,85,276.30,195.04,32,16,37.65
C002387,PODCAST,Technology,English,False,113,112,2334.38,1239.5,51,18,45.13
C002388,VIDEO,Drama,Telugu,False,80,80,3398.55,2548.91,39,9,48.75
C002389,VIDEO,Comedy,Telugu,False,98,98,4768.20,2919.31,37,20,37.76
C002390,MUSIC,Instrumental,English,True,76,76,287.38,226.88,34,21,44.74
C002391,VIDEO,Sports Stories,Korean,False,95,94,3690.07,2330.57,38,23,40.00
C002392,MUSIC,Devotional,English,False,85,85,220.17,155.41,34,16,40.00
C002393,MUSIC,Instrumental,English,False,82,82,330.32,241.7,28,9,34.15
C002394,MUSIC,Jazz,English,True,103,103,297.88,173.52,40,18,38.83
C002395,PODCAST,Business,Bengali,False,77,77,2436.37,1898.47,18,20,23.38
C002396,MUSIC,Electronic,English,False,76,76,247.27,195.21,35,11,46.05
C002397,MUSIC,Classical,Hindi,False,86,86,180.72,126.08,32,17,37.21
C002398,VIDEO,Drama,Tamil,False,85,84,3123.20,2204.61,30,21,35.29
C002399,VIDEO,Animation,Kannada,False,70,70,1143.77,980.37,28,17,40.00
C002400,MUSIC,Electronic,Spanish,False,74,74,199.57,161.81,30,14,40.54
C002401,MUSIC,Electronic,English,False,85,85,206.73,145.93,30,15,35.29
C002402,VIDEO,Comedy,Hindi,False,89,89,3716.65,2505.61,30,16,33.71
C002403,VIDEO,Comedy,English,False,84,84,4860.85,3472.04,38,12,45.24
C002404,PODCAST,Careers,English,False,80,80,751.53,563.65,28,15,35.00
C002405,MUSIC,Folk Fusion,Tamil,False,90,90,183.77,122.51,34,21,37.78
C002406,MUSIC,Classical,English,False,102,102,332.18,195.4,41,20,40.20
C002407,VIDEO,Sports Stories,English,False,84,84,1561.35,1115.25,29,19,34.52
C002408,VIDEO,Drama,English,False,87,87,3011.05,2076.59,35,19,40.23
C002409,VIDEO,Sports Stories,Hindi,False,88,87,4727.53,3223.32,39,16,44.32
C002410,VIDEO,Thriller,English,False,94,93,5647.55,3604.82,39,16,41.49
C002411,VIDEO,Comedy,Hindi,True,87,86,3969.23,2737.4,37,18,42.53
C002412,MUSIC,Classical,Hindi,False,83,83,193.10,139.59,28,14,33.73
C002413,VIDEO,Animation,Spanish,False,101,101,3576.08,2124.41,38,14,37.62
C002414,MUSIC,Classical,Telugu,False,76,76,340.20,268.58,29,12,38.16
C002415,PODCAST,Culture,Kannada,False,95,95,3238.30,2045.24,36,15,37.89
C002416,VIDEO,Thriller,English,False,76,74,1800.20,1421.21,27,21,35.53
C002417,VIDEO,Thriller,Hindi,False,65,65,2650.85,2446.94,19,13,29.23
C002418,MUSIC,Indie Pop,English,False,88,88,370.53,252.64,35,16,39.77
C002419,MUSIC,Instrumental,English,True,99,99,265.67,161.01,33,25,33.33
C002420,VIDEO,Documentary,Spanish,False,112,112,4240.62,2271.76,45,29,40.18
C002421,VIDEO,Documentary,English,False,84,84,2091.33,1493.81,33,13,39.29
C002422,VIDEO,Sports Stories,Spanish,False,88,88,2088.33,1423.86,36,15,40.91
C002423,VIDEO,Comedy,Telugu,False,83,83,2426.70,1754.24,34,22,40.96
C002424,VIDEO,Animation,Hindi,True,97,97,3225.50,1995.15,45,16,46.39
C002425,MUSIC,Indie Pop,Tamil,False,83,83,199.70,144.36,44,15,53.01
C002426,VIDEO,Thriller,Hindi,False,79,79,1457.12,1106.67,28,15,35.44
C002427,PODCAST,Wellbeing,Telugu,True,97,97,4732.62,2927.39,32,20,32.99
C002428,PODCAST,History,English,False,97,97,2775.23,1716.64,39,11,40.21
C002429,MUSIC,Jazz,English,False,103,103,121.18,70.59,31,19,30.10
C002430,VIDEO,Animation,Hindi,False,86,85,3368.38,2350.03,37,21,43.02
C002431,PODCAST,Business,Hindi,False,77,77,962.50,750.0,24,18,31.17
C002432,VIDEO,Drama,English,False,79,79,1827.40,1387.9,28,12,35.44
C002433,VIDEO,Comedy,Spanish,False,92,92,4329.17,2823.37,36,17,39.13
C002434,VIDEO,Learning,Bengali,False,81,81,1375.90,1019.19,31,12,38.27
C002435,VIDEO,Documentary,Hindi,True,95,95,6921.68,4371.59,31,13,32.63
C002436,MUSIC,Jazz,Hindi,False,87,87,256.07,176.6,31,21,35.63
C002437,PODCAST,Culture,Spanish,True,94,94,3738.83,2386.49,38,20,40.43
C002438,MUSIC,Devotional,Kannada,False,93,93,371.85,239.9,36,17,38.71
C002439,MUSIC,Jazz,English,True,80,80,363.00,272.25,33,11,41.25
C002440,MUSIC,Electronic,Telugu,False,78,78,203.48,156.53,28,18,35.90
C002441,MUSIC,Devotional,English,False,75,75,103.98,83.19,25,17,33.33
C002442,MUSIC,Jazz,Hindi,False,81,81,153.17,113.46,22,22,27.16
C002443,VIDEO,Comedy,Telugu,False,82,82,3121.42,2283.96,32,12,39.02
C002444,VIDEO,Comedy,English,False,85,85,2547.15,1797.99,36,17,42.35
C002445,MUSIC,Electronic,Hindi,False,90,90,248.65,165.77,34,18,37.78
C002446,MUSIC,Classical,Korean,False,74,74,176.32,142.96,23,15,31.08
C002447,MUSIC,Indie Pop,English,True,93,93,145.55,93.9,31,22,33.33
C002448,VIDEO,Comedy,English,False,94,94,5109.20,3261.19,31,19,32.98
C002449,VIDEO,Drama,Hindi,True,90,90,2765.72,1843.81,29,12,32.22
C002450,VIDEO,Drama,Korean,False,73,73,2318.17,1905.34,29,14,39.73
C002451,VIDEO,Sports Stories,Spanish,False,84,84,6678.98,4770.7,35,15,41.67
C002452,VIDEO,Comedy,Bengali,False,85,85,2335.87,1648.85,30,25,35.29
C002453,VIDEO,Sports Stories,Hindi,False,92,92,5241.92,3418.64,34,20,36.96
C002454,VIDEO,Comedy,English,True,82,82,1454.38,1064.18,32,16,39.02
C002455,VIDEO,Learning,English,False,79,79,1878.55,1426.75,29,12,36.71
C002456,VIDEO,Comedy,Hindi,True,77,77,3378.65,2632.71,18,23,23.38
C002457,VIDEO,Learning,English,True,99,97,6573.20,3983.76,33,26,33.33
C002458,VIDEO,Comedy,Hindi,True,85,85,3712.68,2620.72,30,16,35.29
C002459,MUSIC,Classical,Korean,True,94,94,331.78,211.78,38,22,40.43
C002460,MUSIC,Electronic,Hindi,False,74,74,285.48,231.47,26,9,35.14
C002461,MUSIC,Folk Fusion,Kannada,False,88,88,291.20,198.55,28,19,31.82
C002462,VIDEO,Thriller,English,False,76,76,4083.55,3223.86,31,13,40.79
C002463,VIDEO,Learning,English,True,85,85,3034.17,2141.76,34,14,40.00
C002464,PODCAST,Business,English,False,94,94,3706.00,2365.53,35,18,37.23
C002465,MUSIC,Devotional,Spanish,False,81,81,139.95,103.67,31,14,38.27
C002466,VIDEO,Thriller,English,False,76,76,1138.08,898.49,28,10,36.84
C002467,VIDEO,Sports Stories,English,False,95,95,3632.00,2293.89,37,23,38.95
C002468,VIDEO,Learning,Spanish,False,80,80,3062.45,2296.84,33,10,41.25
C002469,VIDEO,Documentary,Kannada,False,98,98,2835.03,1735.73,40,16,40.82
C002470,VIDEO,Drama,Telugu,True,97,95,2077.07,1284.78,33,21,34.02
C002471,MUSIC,Electronic,English,False,75,75,110.43,88.35,30,14,40.00
C002472,VIDEO,Thriller,Telugu,False,85,85,5320.03,3755.32,29,18,34.12
C002473,VIDEO,Sports Stories,English,False,84,84,4728.02,3377.15,26,22,30.95
C002474,MUSIC,Indie Pop,Bengali,True,94,94,295.83,188.83,33,20,35.11
C002475,VIDEO,Sports Stories,Bengali,True,73,73,4487.18,3688.1,28,16,38.36
C002476,MUSIC,Instrumental,Spanish,False,67,66,132.42,118.58,18,11,26.87
C002477,MUSIC,Instrumental,Telugu,False,91,91,165.48,109.11,38,9,41.76
C002478,PODCAST,Culture,Telugu,False,78,77,1953.20,1502.46,35,11,44.87
C002479,MUSIC,Indie Pop,Telugu,False,90,90,141.07,94.04,34,16,37.78
C002480,VIDEO,Thriller,English,False,92,92,4977.93,3246.48,42,20,45.65
C002481,VIDEO,Learning,English,True,103,103,4030.55,2347.89,42,19,40.78
C002482,MUSIC,Indie Pop,Telugu,False,71,71,140.30,118.56,26,12,36.62
C002483,PODCAST,Wellbeing,Hindi,False,96,96,2398.63,1499.15,40,19,41.67
C002484,VIDEO,Thriller,English,False,74,74,5375.75,4358.72,29,8,39.19
C002485,MUSIC,Electronic,Kannada,False,78,78,212.65,163.58,32,12,41.03
C002486,PODCAST,Wellbeing,Telugu,False,69,69,1918.68,1668.42,25,25,36.23
C002487,PODCAST,History,Spanish,True,90,90,4792.30,3194.87,38,18,42.22
C002488,PODCAST,Business,English,False,89,88,3853.97,2598.18,35,17,39.33
C002489,MUSIC,Classical,Telugu,False,72,72,255.37,212.81,26,13,36.11
C002490,VIDEO,Learning,English,False,100,100,4904.80,2942.88,27,21,27.00
C002491,VIDEO,Sports Stories,Tamil,False,93,93,3554.43,2293.18,27,13,29.03
C002492,VIDEO,Animation,Tamil,False,75,75,4006.55,3205.24,28,17,37.33
C002493,VIDEO,Sports Stories,Telugu,False,86,86,4762.23,3322.49,27,18,31.40
C002494,MUSIC,Jazz,English,False,76,76,246.83,194.87,28,14,36.84
C002495,VIDEO,Animation,English,False,84,84,3512.30,2508.79,31,22,36.90
C002496,MUSIC,Indie Pop,Telugu,False,70,70,126.23,108.2,30,7,42.86
C002497,MUSIC,Classical,Tamil,True,94,94,174.67,111.49,34,15,36.17
C002498,MUSIC,Jazz,Telugu,False,81,81,165.58,122.65,33,18,40.74
C002499,MUSIC,Devotional,English,False,98,97,203.75,124.74,35,20,35.71
C002500,MUSIC,Classical,English,False,93,93,141.47,91.27,35,16,37.63
C002501,VIDEO,Comedy,Spanish,True,91,89,5385.57,3550.92,38,19,41.76
C002502,VIDEO,Comedy,Hindi,False,90,89,3747.73,2498.49,33,23,36.67
C002503,VIDEO,Learning,Hindi,True,83,83,2625.28,1897.8,28,17,33.73
C002504,PODCAST,Science,Korean,False,80,79,3961.77,2971.33,27,15,33.75
C002505,VIDEO,Thriller,Hindi,False,89,89,5287.15,3564.37,45,13,50.56
C002506,VIDEO,Sports Stories,Hindi,True,70,69,4412.88,3782.47,25,14,35.71
C002507,VIDEO,Thriller,English,False,66,66,1478.52,1344.11,24,14,36.36
C002508,MUSIC,Devotional,English,False,87,86,297.15,204.93,28,23,32.18
C002509,MUSIC,Folk Fusion,English,False,93,91,257.88,166.38,37,18,39.78
C002510,PODCAST,Science,English,False,92,92,1864.82,1216.18,32,16,34.78
C002511,VIDEO,Animation,Kannada,False,77,77,1381.12,1076.19,36,12,46.75
C002512,MUSIC,Electronic,English,False,91,91,152.43,100.51,39,15,42.86
C002513,VIDEO,Documentary,Korean,False,98,97,3657.60,2239.35,42,17,42.86
C002514,PODCAST,Culture,Hindi,False,97,97,3684.78,2279.25,34,17,35.05
C002515,VIDEO,Drama,Korean,False,89,89,2171.47,1463.91,34,19,38.20
C002516,PODCAST,Culture,English,False,86,85,2067.10,1442.16,35,16,40.70
C002517,MUSIC,Folk Fusion,Hindi,True,84,84,377.10,269.36,34,11,40.48
C002518,VIDEO,Documentary,English,False,87,87,6392.77,4408.8,33,14,37.93
C002519,VIDEO,Documentary,Spanish,False,103,103,7120.23,4147.71,42,20,40.78
C002520,PODCAST,History,Telugu,True,88,88,2520.20,1718.32,35,16,39.77
C002521,MUSIC,Electronic,Hindi,False,92,92,345.67,225.43,35,16,38.04
C002522,MUSIC,Electronic,English,False,95,95,353.58,223.32,43,14,45.26
C002523,MUSIC,Classical,English,False,82,82,284.45,208.13,38,15,46.34
C002524,VIDEO,Animation,Kannada,False,69,69,2812.47,2445.62,27,14,39.13
C002525,MUSIC,Devotional,English,False,74,74,263.48,213.64,21,14,28.38
C002526,VIDEO,Drama,Hindi,False,88,88,5431.42,3703.24,29,22,32.95
C002527,PODCAST,Science,Spanish,False,104,104,1937.22,1117.63,41,15,39.42
C002528,MUSIC,Classical,English,True,86,86,315.83,220.35,38,11,44.19
C002529,MUSIC,Devotional,Tamil,False,107,107,266.75,149.58,35,24,32.71
C002530,VIDEO,Documentary,English,False,90,90,3265.43,2176.96,22,22,24.44
C002531,VIDEO,Documentary,Tamil,False,86,86,6602.32,4606.27,38,13,44.19
C002532,VIDEO,Documentary,English,False,93,93,1365.25,880.81,30,14,32.26
C002533,VIDEO,Comedy,English,False,76,76,2487.58,1963.88,35,10,46.05
C002534,MUSIC,Classical,Tamil,True,85,85,308.10,217.48,26,12,30.59
C002535,MUSIC,Indie Pop,Spanish,False,86,86,153.68,107.22,29,21,33.72
C002536,VIDEO,Thriller,English,False,85,84,4150.63,2929.86,34,18,40.00
C002537,PODCAST,History,English,True,93,92,2936.87,1894.75,38,15,40.86
C002538,VIDEO,Comedy,Spanish,True,86,85,5293.62,3693.22,30,16,34.88
C002539,MUSIC,Devotional,English,False,96,96,172.92,108.07,31,26,32.29
C002540,VIDEO,Animation,English,False,85,85,4292.95,3030.32,30,21,35.29
C002541,MUSIC,Indie Pop,English,True,96,96,383.35,239.59,39,20,40.63
C002542,MUSIC,Indie Pop,Tamil,False,76,76,237.73,187.68,28,16,36.84
C002543,MUSIC,Classical,Telugu,False,89,88,255.58,172.3,31,22,34.83
C002544,VIDEO,Learning,English,False,86,86,4091.25,2854.36,35,21,40.70
C002545,VIDEO,Drama,Tamil,False,86,86,3812.17,2659.65,31,13,36.05
C002546,VIDEO,Animation,English,False,89,89,4320.33,2912.58,40,19,44.94
C002547,VIDEO,Thriller,Hindi,False,81,81,3665.90,2715.48,32,18,39.51
C002548,VIDEO,Drama,Bengali,False,85,85,5216.10,3681.95,32,20,37.65
C002549,VIDEO,Comedy,English,False,94,94,7074.02,4515.33,36,14,38.30
C002550,MUSIC,Indie Pop,Telugu,False,69,69,289.07,251.36,24,15,34.78
C002551,MUSIC,Folk Fusion,Telugu,False,72,72,251.47,209.56,19,18,26.39
C002552,VIDEO,Animation,English,False,82,82,5360.30,3922.17,26,13,31.71
C002553,VIDEO,Thriller,Hindi,False,84,84,1642.93,1173.52,28,25,33.33
C002554,VIDEO,Sports Stories,English,False,96,96,3836.98,2398.11,29,15,30.21
C002555,MUSIC,Instrumental,Telugu,True,94,94,328.72,209.82,42,18,44.68
C002556,MUSIC,Indie Pop,Hindi,False,90,90,142.55,95.03,33,18,36.67
C002557,VIDEO,Animation,English,False,89,89,1056.73,712.4,29,24,32.58
C002558,MUSIC,Jazz,Korean,False,102,102,443.68,260.99,41,19,40.20
C002559,MUSIC,Devotional,English,False,77,77,208.80,162.7,27,20,35.06
C002560,VIDEO,Animation,English,False,85,85,3518.55,2483.68,39,16,45.88
C002561,PODCAST,Careers,Tamil,False,99,99,1387.30,840.79,36,21,36.36
C002562,MUSIC,Folk Fusion,Spanish,False,90,90,237.43,158.29,36,17,40.00
C002563,MUSIC,Classical,English,False,79,79,176.68,134.19,26,16,32.91
C002564,MUSIC,Instrumental,English,True,86,86,260.42,181.69,34,15,39.53
C002565,MUSIC,Devotional,Hindi,False,92,91,340.10,221.8,36,21,39.13
C002566,VIDEO,Learning,English,True,94,93,1341.05,855.99,37,19,39.36
C002567,VIDEO,Comedy,Telugu,False,81,81,4048.05,2998.56,29,20,35.80
C002568,VIDEO,Comedy,Tamil,True,90,90,1341.88,894.59,35,21,38.89
C002569,PODCAST,History,Bengali,True,71,71,2446.53,2067.49,29,16,40.85
C002570,PODCAST,Science,Telugu,False,78,78,3991.70,3070.54,30,16,38.46
C002571,MUSIC,Classical,Kannada,False,66,66,172.00,156.36,22,14,33.33
C002572,VIDEO,Thriller,English,False,71,71,5445.62,4601.93,32,9,45.07
C002573,VIDEO,Learning,English,False,102,102,6558.10,3857.71,35,17,34.31
C002574,MUSIC,Indie Pop,Tamil,False,91,91,169.78,111.95,37,23,40.66
C002575,MUSIC,Instrumental,English,False,91,91,403.00,265.71,40,17,43.96
C002576,VIDEO,Documentary,Korean,False,68,68,1201.27,1059.94,23,14,33.82
C002577,MUSIC,Folk Fusion,English,False,102,102,281.67,165.69,34,18,33.33
C002578,MUSIC,Indie Pop,Hindi,False,74,74,125.52,101.77,38,15,51.35
C002579,MUSIC,Electronic,English,False,89,88,397.10,267.71,43,14,48.31
C002580,MUSIC,Instrumental,English,False,82,82,364.18,266.48,37,12,45.12
C002581,MUSIC,Instrumental,Hindi,False,80,80,188.68,141.51,24,18,30.00
C002582,VIDEO,Sports Stories,English,False,73,72,5398.67,4437.26,28,8,38.36
C002583,MUSIC,Folk Fusion,English,False,75,75,123.53,98.83,26,17,34.67
C002584,VIDEO,Sports Stories,English,False,91,91,6631.60,4372.48,34,17,37.36
C002585,PODCAST,History,English,False,77,77,4069.62,3171.13,32,14,41.56
C002586,PODCAST,Business,English,False,84,84,1612.62,1151.87,36,9,42.86
C002587,VIDEO,Comedy,English,False,101,101,3434.45,2040.27,40,19,39.60
C002588,VIDEO,Learning,Spanish,False,78,78,1078.03,829.26,32,17,41.03
C002589,VIDEO,Learning,English,False,78,78,5290.72,4069.78,29,13,37.18
C002590,VIDEO,Learning,Tamil,False,85,85,2808.82,1982.69,26,22,30.59
C002591,VIDEO,Drama,English,True,106,105,5719.48,3237.44,34,30,32.08
C002592,VIDEO,Animation,Spanish,False,89,88,3363.78,2267.72,40,21,44.94
C002593,MUSIC,Jazz,English,False,79,79,253.43,192.48,31,8,39.24
C002594,MUSIC,Indie Pop,Korean,False,75,75,122.12,97.69,28,17,37.33
C002595,MUSIC,Electronic,English,False,96,96,228.42,142.76,39,15,40.63
C002596,PODCAST,Culture,Tamil,True,95,95,1739.27,1098.48,37,16,38.95
C002597,MUSIC,Folk Fusion,English,False,92,92,165.95,108.23,38,15,41.30
C002598,VIDEO,Thriller,English,True,78,78,2602.75,2002.12,36,14,46.15
C002599,VIDEO,Drama,Hindi,False,78,77,4112.90,3163.77,28,15,35.90
C002600,VIDEO,Animation,English,False,90,90,2854.70,1903.13,31,20,34.44
C002601,PODCAST,Careers,English,True,78,78,4104.40,3157.23,25,16,32.05
C002602,VIDEO,Comedy,English,True,82,82,4489.45,3284.96,27,22,32.93
C002603,VIDEO,Animation,Tamil,False,85,85,4457.77,3146.66,33,15,38.82
C002604,VIDEO,Learning,Hindi,False,87,87,6965.60,4803.86,33,7,37.93
C002605,MUSIC,Classical,English,True,89,88,358.77,241.87,41,17,46.07
C002606,MUSIC,Indie Pop,English,False,85,85,112.18,79.19,34,17,40.00
C002607,VIDEO,Thriller,English,False,99,98,2388.22,1447.4,38,19,38.38
C002608,VIDEO,Drama,Kannada,False,94,93,5135.62,3278.05,37,17,39.36
C002609,MUSIC,Electronic,Hindi,True,93,93,238.83,154.09,38,18,40.86
C002610,MUSIC,Instrumental,English,False,85,85,315.50,222.71,33,15,38.82
C002611,VIDEO,Documentary,English,True,88,88,2131.85,1453.53,29,17,32.95
C002612,PODCAST,Technology,English,False,63,63,442.35,421.29,22,13,34.92
C002613,PODCAST,History,English,True,93,93,576.42,371.88,41,22,44.09
C002614,PODCAST,History,English,False,92,92,4630.47,3019.87,28,22,30.43
C002615,MUSIC,Instrumental,English,False,80,80,192.53,144.4,26,17,32.50
C002616,VIDEO,Comedy,Bengali,True,86,86,2606.77,1818.67,31,17,36.05
C002617,MUSIC,Classical,Hindi,False,70,70,278.07,238.34,28,13,40.00
C002618,VIDEO,Documentary,English,False,96,96,4287.90,2679.94,37,22,38.54
C002619,VIDEO,Documentary,Telugu,False,84,83,4415.00,3153.57,31,16,36.90
C002620,VIDEO,Comedy,Spanish,False,68,68,3123.38,2755.93,31,9,45.59
C002621,MUSIC,Indie Pop,English,False,70,69,317.17,271.86,23,7,32.86
C002622,VIDEO,Drama,English,False,75,74,2593.62,2074.89,27,14,36.00
C002623,MUSIC,Classical,Bengali,False,78,78,266.68,205.14,27,23,34.62
C002624,VIDEO,Thriller,Hindi,False,83,82,1246.30,900.94,35,22,42.17
C002625,VIDEO,Drama,Tamil,False,83,83,2310.15,1669.99,30,18,36.14
C002626,MUSIC,Classical,Hindi,True,95,95,318.02,200.85,36,20,37.89
C002627,MUSIC,Classical,Korean,False,73,73,194.68,160.01,31,17,42.47
C002628,MUSIC,Jazz,Spanish,False,91,91,298.93,197.1,36,16,39.56
C002629,MUSIC,Folk Fusion,Korean,False,78,78,294.30,226.38,24,16,30.77
C002630,MUSIC,Jazz,English,False,102,101,201.50,118.53,42,23,41.18
C002631,VIDEO,Sports Stories,English,True,81,81,3284.92,2433.27,38,11,46.91
C002632,PODCAST,Science,English,False,79,79,1479.90,1123.97,34,11,43.04
C002633,MUSIC,Devotional,English,False,88,88,273.88,186.74,23,16,26.14
C002634,MUSIC,Jazz,Tamil,False,68,68,144.28,127.31,26,13,38.24
C002635,MUSIC,Folk Fusion,Hindi,False,59,59,97.82,99.47,23,7,38.98
C002636,MUSIC,Electronic,English,False,87,87,181.75,125.34,38,15,43.68
C002637,MUSIC,Folk Fusion,English,True,93,92,361.67,233.33,43,19,46.24
C002638,MUSIC,Indie Pop,English,False,83,83,116.05,83.89,31,15,37.35
C002639,MUSIC,Classical,English,False,79,79,294.18,223.43,29,14,36.71
C002640,MUSIC,Devotional,English,False,100,100,249.75,149.85,34,16,34.00
C002641,VIDEO,Comedy,Telugu,False,89,88,2015.40,1358.7,31,19,34.83
C002642,VIDEO,Thriller,English,False,77,77,3744.62,2917.88,27,14,35.06
C002643,VIDEO,Learning,Telugu,False,89,89,6535.43,4405.91,44,14,49.44
C002644,VIDEO,Documentary,English,False,79,79,1265.08,960.82,40,13,50.63
C002645,MUSIC,Instrumental,English,True,85,85,249.93,176.42,20,18,23.53
C002646,MUSIC,Electronic,English,False,96,96,389.32,243.32,34,20,35.42
C002647,MUSIC,Folk Fusion,English,True,86,86,166.58,116.22,33,11,38.37
C002648,MUSIC,Indie Pop,English,False,101,101,299.52,177.93,45,20,44.55
C002649,VIDEO,Sports Stories,English,True,75,75,4349.38,3479.51,23,17,30.67
C002650,VIDEO,Drama,English,True,99,99,5513.63,3341.6,44,17,44.44
C002651,VIDEO,Animation,English,False,84,84,1943.97,1388.55,35,14,41.67
C002652,VIDEO,Sports Stories,English,False,110,110,6273.32,3421.81,35,24,31.82
C002653,MUSIC,Jazz,Hindi,False,75,75,177.47,141.97,31,12,41.33
C002654,VIDEO,Learning,English,True,91,91,3959.72,2610.8,31,19,34.07
C002655,MUSIC,Indie Pop,Tamil,False,81,81,117.07,86.72,29,24,35.80
C002656,VIDEO,Comedy,Telugu,False,94,93,1413.02,901.93,33,25,35.11
C002657,VIDEO,Thriller,Hindi,False,88,88,3076.05,2097.31,40,22,45.45
C002658,VIDEO,Drama,Hindi,False,89,89,1849.17,1246.63,35,20,39.33
C002659,VIDEO,Documentary,Kannada,False,97,97,4393.45,2717.6,41,16,42.27
C002660,MUSIC,Classical,English,False,84,84,102.98,73.56,30,22,35.71
C002661,VIDEO,Documentary,Tamil,False,96,96,6811.93,4257.46,29,17,30.21
C002662,MUSIC,Electronic,Tamil,False,90,89,371.60,247.73,41,15,45.56
C002663,VIDEO,Thriller,Hindi,False,97,97,4807.15,2973.49,34,17,35.05
C002664,MUSIC,Electronic,English,False,94,94,255.00,162.77,34,24,36.17
C002665,PODCAST,Business,Tamil,True,92,92,5189.45,3384.42,33,14,35.87
C002666,PODCAST,Wellbeing,Kannada,False,95,95,1672.23,1056.15,28,23,29.47
C002667,VIDEO,Documentary,English,False,89,89,2582.82,1741.22,35,14,39.33
C002668,VIDEO,Animation,English,True,101,101,1384.37,822.4,39,21,38.61
C002669,VIDEO,Animation,Hindi,True,80,79,4414.97,3311.23,38,12,47.50
C002670,MUSIC,Electronic,English,True,90,90,369.97,246.64,29,15,32.22
C002671,MUSIC,Devotional,Tamil,False,86,86,313.97,219.05,33,15,38.37
C002672,VIDEO,Drama,English,False,93,93,5921.80,3820.52,35,18,37.63
C002673,MUSIC,Indie Pop,Hindi,False,81,81,133.33,98.77,28,13,34.57
C002674,VIDEO,Animation,Bengali,False,70,68,3902.78,3345.24,25,12,35.71
C002675,PODCAST,Business,Hindi,False,90,90,4960.75,3307.17,35,20,38.89
C002676,VIDEO,Sports Stories,English,True,81,81,4706.22,3486.09,28,14,34.57
C002677,VIDEO,Thriller,Tamil,False,72,71,3095.33,2579.44,30,14,41.67
C002678,VIDEO,Comedy,Kannada,False,90,90,3623.25,2415.5,33,15,36.67
C002679,VIDEO,Learning,English,False,81,81,2176.22,1612.01,24,17,29.63
C002680,PODCAST,Science,English,False,99,99,5104.60,3093.7,36,21,36.36
C002681,MUSIC,Jazz,English,False,86,85,340.03,237.23,26,19,30.23
C002682,VIDEO,Sports Stories,Korean,False,83,83,5347.38,3865.58,42,13,50.60
C002683,PODCAST,Culture,Hindi,False,101,100,4197.05,2493.3,27,24,26.73
C002684,MUSIC,Electronic,English,False,91,91,370.80,244.48,35,13,38.46
C002685,MUSIC,Electronic,English,False,82,81,230.98,169.01,37,10,45.12
C002686,PODCAST,History,Bengali,False,83,83,3105.35,2244.83,31,12,37.35
C002687,PODCAST,Science,English,True,101,101,3451.45,2050.37,35,17,34.65
C002688,VIDEO,Thriller,Bengali,False,82,82,1707.80,1249.61,26,16,31.71
C002689,VIDEO,Comedy,English,False,93,93,2316.25,1494.35,30,22,32.26
C002690,VIDEO,Thriller,Tamil,False,82,82,6113.72,4473.45,37,16,45.12
C002691,VIDEO,Animation,Kannada,False,108,107,4109.33,2282.96,35,22,32.41
C002692,VIDEO,Drama,Telugu,True,81,81,5997.83,4442.84,40,15,49.38
C002693,VIDEO,Sports Stories,Hindi,False,86,86,1962.70,1369.33,38,14,44.19
C002694,VIDEO,Drama,English,False,92,92,4492.88,2930.14,29,22,31.52
C002695,VIDEO,Documentary,Hindi,False,95,95,1384.78,874.6,40,24,42.11
C002696,VIDEO,Documentary,English,False,89,89,3680.07,2480.94,37,20,41.57
C002697,MUSIC,Devotional,Korean,False,73,73,157.55,129.49,26,17,35.62
C002698,MUSIC,Instrumental,English,False,103,103,171.13,99.69,32,24,31.07
C002699,MUSIC,Classical,Kannada,False,71,71,153.60,129.8,30,13,42.25
C002700,PODCAST,Technology,Hindi,False,87,87,1592.17,1098.05,24,12,27.59
C002701,MUSIC,Devotional,English,False,98,98,229.50,140.51,35,16,35.71
C002702,MUSIC,Folk Fusion,Kannada,False,94,94,221.37,141.3,32,18,34.04
C002703,MUSIC,Devotional,Korean,False,71,71,266.57,225.27,32,13,45.07
C002704,VIDEO,Thriller,Hindi,False,81,81,3875.35,2870.63,29,17,35.80
C002705,VIDEO,Sports Stories,Spanish,False,82,82,3498.52,2559.89,23,20,28.05
C002706,PODCAST,Careers,English,False,82,82,678.25,496.28,38,16,46.34
C002707,MUSIC,Classical,English,True,98,98,113.52,69.5,26,23,26.53
C002708,MUSIC,Classical,English,True,82,81,279.45,204.48,30,13,36.59
C002709,VIDEO,Drama,Bengali,False,83,83,2133.92,1542.59,35,18,42.17
C002710,VIDEO,Drama,English,False,77,76,4897.52,3816.25,30,10,38.96
C002711,MUSIC,Jazz,Kannada,False,82,82,250.90,183.59,37,11,45.12
C002712,MUSIC,Devotional,Telugu,True,94,94,161.45,103.05,38,15,40.43
C002713,PODCAST,Technology,English,False,84,84,3255.82,2325.58,35,18,41.67
C002714,VIDEO,Documentary,Tamil,False,95,95,2025.48,1279.25,38,19,40.00
C002715,VIDEO,Sports Stories,Kannada,False,89,89,1726.25,1163.76,37,18,41.57
C002716,MUSIC,Folk Fusion,Telugu,False,88,88,140.30,95.66,39,14,44.32
C002717,VIDEO,Thriller,Telugu,False,75,75,2713.28,2170.63,25,16,33.33
C002718,PODCAST,Wellbeing,English,True,70,70,1730.83,1483.57,25,11,35.71
C002719,VIDEO,Comedy,English,False,79,79,3062.43,2325.9,28,15,35.44
C002720,VIDEO,Drama,Tamil,False,93,93,5683.70,3666.9,32,18,34.41
C002721,MUSIC,Electronic,English,False,102,102,141.68,83.34,35,20,34.31
C002722,VIDEO,Thriller,English,True,83,83,1652.88,1194.86,32,11,38.55
C002723,VIDEO,Documentary,Korean,True,82,81,5898.63,4316.07,27,11,32.93
C002724,VIDEO,Thriller,Hindi,False,89,89,3741.93,2522.65,30,24,33.71
C002725,MUSIC,Electronic,Telugu,False,74,74,306.23,248.3,23,17,31.08
C002726,VIDEO,Sports Stories,Tamil,False,93,93,6047.03,3901.31,37,13,39.78
C002727,VIDEO,Documentary,Spanish,False,92,92,3337.78,2176.82,39,14,42.39
C002728,VIDEO,Sports Stories,Hindi,False,100,99,3153.68,1892.21,47,14,47.00
C002729,MUSIC,Indie Pop,Kannada,False,77,76,275.77,214.88,34,12,44.16
C002730,MUSIC,Classical,Tamil,True,100,100,154.00,92.4,30,13,30.00
C002731,MUSIC,Electronic,Hindi,True,88,88,312.63,213.16,30,23,34.09
C002732,VIDEO,Animation,English,False,98,98,6794.20,4159.71,35,20,35.71
C002733,MUSIC,Folk Fusion,Hindi,False,93,93,175.02,112.91,41,18,44.09
C002734,PODCAST,History,Hindi,False,95,95,4254.17,2686.84,42,18,44.21
C002735,PODCAST,History,English,False,109,109,1221.53,672.4,35,22,32.11
C002736,VIDEO,Thriller,English,False,97,97,2897.65,1792.36,48,20,49.48
C002737,MUSIC,Jazz,Hindi,False,61,61,190.17,187.05,23,14,37.70
C002738,MUSIC,Jazz,English,False,90,90,219.45,146.3,35,11,38.89
C002739,PODCAST,Culture,English,False,80,80,4362.75,3272.06,32,12,40.00
C002740,PODCAST,History,Hindi,False,77,77,1778.97,1386.21,20,19,25.97
C002741,VIDEO,Sports Stories,English,False,81,81,2062.48,1527.77,34,14,41.98
C002742,MUSIC,Folk Fusion,Tamil,True,76,76,139.63,110.24,24,19,31.58
C002743,VIDEO,Sports Stories,Spanish,False,93,93,6050.07,3903.27,31,25,33.33
C002744,MUSIC,Folk Fusion,Kannada,False,97,97,323.13,199.88,42,16,43.30
C002745,MUSIC,Electronic,English,False,77,77,177.08,137.99,38,14,49.35
C002746,VIDEO,Comedy,English,True,75,75,3342.02,2673.61,34,6,45.33
C002747,VIDEO,Thriller,Hindi,False,80,80,959.57,719.68,28,20,35.00
C002748,PODCAST,Business,Korean,True,88,88,3288.77,2242.34,32,11,36.36
C002749,VIDEO,Thriller,English,True,72,72,3785.33,3154.44,28,15,38.89
C002750,MUSIC,Folk Fusion,Tamil,False,83,83,273.22,197.51,35,15,42.17
C002751,VIDEO,Sports Stories,Spanish,False,84,84,2604.13,1860.1,23,19,27.38
C002752,VIDEO,Thriller,Tamil,False,80,80,5333.40,4000.05,31,14,38.75
C002753,VIDEO,Drama,English,False,80,78,3590.83,2693.13,29,17,36.25
C002754,MUSIC,Electronic,English,True,102,102,149.87,88.16,44,21,43.14
C002755,VIDEO,Drama,Tamil,True,89,89,4746.75,3200.06,30,17,33.71
C002756,MUSIC,Electronic,English,False,72,72,184.12,153.43,26,15,36.11
C002757,PODCAST,Business,Kannada,False,89,89,2128.48,1434.93,30,20,33.71
C002758,VIDEO,Comedy,English,False,96,95,4759.85,2974.91,34,18,35.42
C002759,VIDEO,Thriller,English,False,85,85,2598.60,1834.31,29,22,34.12
C002760,VIDEO,Drama,Bengali,True,89,89,4965.60,3347.6,36,19,40.45
C002761,MUSIC,Classical,English,False,89,89,248.90,167.8,28,23,31.46
C002762,MUSIC,Devotional,Korean,False,79,78,331.63,251.87,29,19,36.71
C002763,MUSIC,Devotional,Spanish,False,79,79,347.97,264.28,33,16,41.77
C002764,VIDEO,Sports Stories,Bengali,False,81,80,3266.58,2419.69,25,16,30.86
C002765,VIDEO,Thriller,English,False,91,91,1903.43,1255.01,28,18,30.77
C002766,VIDEO,Animation,Korean,False,88,88,4740.35,3232.06,34,10,38.64
C002767,VIDEO,Animation,Spanish,False,86,86,1158.60,808.33,34,15,39.53
C002768,VIDEO,Sports Stories,Telugu,True,97,96,6319.42,3908.92,40,17,41.24
C002769,VIDEO,Documentary,English,True,64,63,2115.67,1983.44,24,14,37.50
C002770,MUSIC,Jazz,Hindi,False,71,71,148.00,125.07,17,15,23.94
C002771,MUSIC,Indie Pop,English,True,84,84,330.78,236.27,27,20,32.14
C002772,VIDEO,Sports Stories,Hindi,False,90,90,3421.73,2281.16,32,17,35.56
C002773,VIDEO,Thriller,Bengali,False,94,93,2437.27,1555.7,30,18,31.91
C002774,PODCAST,Technology,Hindi,True,72,72,975.35,812.79,27,14,37.50
C002775,MUSIC,Devotional,Bengali,False,95,95,278.07,175.62,36,19,37.89
C002776,VIDEO,Thriller,English,False,90,90,3501.58,2334.39,29,17,32.22
C002777,VIDEO,Comedy,Kannada,False,77,77,4149.13,3233.09,30,11,38.96
C002778,PODCAST,Culture,English,True,95,95,1194.00,754.11,37,15,38.95
C002779,MUSIC,Instrumental,Hindi,True,91,91,205.90,135.76,32,23,35.16
C002780,VIDEO,Learning,Hindi,False,93,93,1379.25,889.84,32,21,34.41
C002781,MUSIC,Devotional,Hindi,False,81,81,292.12,216.38,24,22,29.63
C002782,VIDEO,Drama,Spanish,False,93,93,3080.03,1987.12,34,6,36.56
C002783,MUSIC,Indie Pop,English,True,75,75,283.53,226.83,24,14,32.00
C002784,MUSIC,Indie Pop,Bengali,False,95,95,266.17,168.11,38,13,40.00
C002785,MUSIC,Instrumental,Korean,False,79,79,220.12,167.18,29,21,36.71
C002786,MUSIC,Classical,Telugu,True,90,89,177.45,118.3,33,13,36.67
C002787,VIDEO,Comedy,Korean,True,81,80,4701.88,3482.88,28,17,34.57
C002788,MUSIC,Folk Fusion,Telugu,False,87,87,296.43,204.44,34,10,39.08
C002789,VIDEO,Animation,Hindi,False,91,91,4398.57,2900.15,33,20,36.26
C002790,PODCAST,Culture,Korean,False,100,100,4386.32,2631.79,36,18,36.00
C002791,MUSIC,Instrumental,Hindi,False,80,80,121.28,90.96,29,11,36.25
C002792,MUSIC,Jazz,Hindi,False,86,86,284.98,198.83,34,16,39.53
C002793,VIDEO,Comedy,English,False,93,92,2289.47,1477.08,40,22,43.01
C002794,MUSIC,Electronic,Kannada,False,86,86,102.42,71.45,28,24,32.56
C002795,MUSIC,Devotional,Spanish,False,82,82,327.65,239.74,33,18,40.24
C002796,PODCAST,Wellbeing,Bengali,False,84,84,1445.35,1032.39,33,17,39.29
C002797,MUSIC,Instrumental,Hindi,False,88,88,229.18,156.26,34,10,38.64
C002798,VIDEO,Learning,Bengali,False,96,96,2826.62,1766.64,38,10,39.58
C002799,VIDEO,Thriller,Telugu,False,81,81,4258.52,3154.46,24,17,29.63
C002800,PODCAST,Culture,Hindi,False,85,85,925.47,653.27,36,17,42.35
C002801,MUSIC,Indie Pop,Spanish,False,75,75,311.97,249.57,29,15,38.67
C002802,MUSIC,Instrumental,English,False,90,90,181.72,121.14,32,22,35.56
C002803,MUSIC,Jazz,English,False,85,85,290.15,204.81,37,15,43.53
C002804,MUSIC,Indie Pop,Telugu,False,79,79,174.95,132.87,26,11,32.91
C002805,PODCAST,Culture,Spanish,False,75,75,3141.20,2512.96,30,11,40.00
C002806,MUSIC,Indie Pop,English,False,84,84,201.00,143.57,31,12,36.90
C002807,VIDEO,Animation,English,False,101,101,6010.28,3570.47,39,16,38.61
C002808,MUSIC,Devotional,English,False,73,73,94.70,77.84,32,13,43.84
C002809,MUSIC,Electronic,Hindi,False,89,89,350.58,236.35,34,10,38.20
C002810,MUSIC,Folk Fusion,Spanish,False,101,101,388.68,230.9,37,19,36.63
C002811,MUSIC,Folk Fusion,Telugu,False,91,91,202.85,133.75,30,14,32.97
C002812,VIDEO,Learning,English,True,68,68,1426.50,1258.68,28,13,41.18
C002813,VIDEO,Drama,English,False,94,93,5260.60,3357.83,35,16,37.23
C002814,VIDEO,Thriller,English,False,98,98,6192.27,3791.18,32,18,32.65
C002815,VIDEO,Learning,English,False,83,83,6132.40,4433.06,38,13,45.78
C002816,MUSIC,Folk Fusion,Bengali,False,93,92,128.62,82.98,44,25,47.31
C002817,PODCAST,Wellbeing,Hindi,False,86,86,746.10,520.53,35,10,40.70
C002818,VIDEO,Animation,Kannada,False,88,88,1901.40,1296.41,37,13,42.05
C002819,VIDEO,Learning,Tamil,False,74,74,4990.58,4046.42,23,14,31.08
C002820,MUSIC,Jazz,Hindi,False,89,89,301.72,203.4,31,20,34.83
C002821,MUSIC,Devotional,English,True,75,74,299.02,239.21,36,10,48.00
C002822,VIDEO,Thriller,Kannada,False,71,71,2933.33,2478.87,28,13,39.44
C002823,MUSIC,Electronic,Spanish,True,105,104,363.27,207.58,36,18,34.29
C002824,VIDEO,Drama,Hindi,False,63,63,1580.08,1504.84,22,15,34.92
C002825,PODCAST,Culture,English,False,96,96,1292.53,807.83,41,19,42.71
C002826,VIDEO,Documentary,Hindi,False,77,77,5390.83,4200.65,26,13,33.77
C002827,VIDEO,Thriller,English,False,72,72,3411.12,2842.6,28,14,38.89
C002828,MUSIC,Indie Pop,English,True,108,108,313.60,174.22,43,17,39.81
C002829,VIDEO,Documentary,English,False,83,83,4452.65,3218.78,29,20,34.94
C002830,PODCAST,Wellbeing,English,False,105,105,1383.08,790.33,44,23,41.90
C002831,MUSIC,Instrumental,English,False,83,83,334.23,241.61,39,10,46.99
C002832,MUSIC,Folk Fusion,Tamil,False,83,83,251.02,181.46,26,12,31.33
C002833,VIDEO,Documentary,Hindi,False,85,85,3613.17,2550.47,37,16,43.53
C002834,VIDEO,Learning,Korean,False,76,76,2357.23,1860.97,30,14,39.47
C002835,VIDEO,Learning,English,False,95,95,3439.53,2172.34,37,16,38.95
C002836,MUSIC,Folk Fusion,Hindi,False,68,68,132.32,116.75,31,7,45.59
C002837,PODCAST,Culture,Hindi,False,100,100,2184.65,1310.79,39,23,39.00
C002838,VIDEO,Drama,English,False,91,91,4080.65,2690.54,36,17,39.56
C002839,VIDEO,Sports Stories,Kannada,False,85,84,2054.23,1450.05,33,9,38.82
C002840,PODCAST,Technology,English,False,85,85,4167.93,2942.07,21,19,24.71
C002841,MUSIC,Devotional,Telugu,True,76,76,191.08,150.86,41,8,53.95
C002842,MUSIC,Electronic,English,False,94,94,157.83,100.74,42,15,44.68
C002843,PODCAST,Science,English,True,87,87,4396.42,3032.01,32,16,36.78
C002844,PODCAST,Business,Telugu,False,83,83,1881.83,1360.36,35,18,42.17
C002845,MUSIC,Jazz,Kannada,False,81,81,311.00,230.37,27,21,33.33
C002846,VIDEO,Learning,Kannada,False,72,72,3440.95,2867.46,33,12,45.83
C002847,PODCAST,Technology,English,False,102,101,3692.98,2172.34,47,17,46.08
C002848,VIDEO,Animation,Hindi,False,95,95,1798.00,1135.58,37,21,38.95
C002849,MUSIC,Classical,Tamil,False,95,95,374.98,236.83,47,14,49.47
C002850,VIDEO,Sports Stories,Kannada,False,84,84,3184.18,2274.42,28,22,33.33
C002851,MUSIC,Classical,English,False,83,82,282.10,203.93,38,15,45.78
C002852,VIDEO,Thriller,Telugu,False,80,80,6060.70,4545.53,36,11,45.00
C002853,VIDEO,Drama,English,True,87,87,6394.88,4410.26,34,15,39.08
C002854,MUSIC,Instrumental,Hindi,False,63,63,215.05,204.81,27,10,42.86
C002855,PODCAST,Culture,English,False,74,72,774.95,628.34,38,11,51.35
C002856,PODCAST,Technology,Bengali,True,75,75,2774.68,2219.75,27,21,36.00
C002857,VIDEO,Drama,Hindi,False,89,89,1309.57,882.85,25,19,28.09
C002858,VIDEO,Comedy,English,True,101,101,1905.37,1131.9,37,24,36.63
C002859,MUSIC,Devotional,Telugu,False,96,96,146.48,91.55,36,19,37.50
C002860,MUSIC,Jazz,Hindi,False,79,79,181.48,137.84,31,13,39.24
C002861,MUSIC,Folk Fusion,Hindi,True,69,69,159.52,138.71,28,15,40.58
C002862,VIDEO,Drama,English,False,86,86,3840.18,2679.2,22,24,25.58
C002863,VIDEO,Thriller,English,False,80,79,4003.50,3002.63,35,19,43.75
C002864,VIDEO,Comedy,English,True,84,84,3508.82,2506.3,28,18,33.33
C002865,VIDEO,Animation,Tamil,True,92,92,5058.10,3298.76,39,21,42.39
C002866,PODCAST,Careers,Telugu,False,89,89,4185.88,2821.94,32,17,35.96
C002867,MUSIC,Instrumental,Telugu,False,93,93,217.48,140.31,32,12,34.41
C002868,MUSIC,Jazz,Kannada,False,102,101,172.12,101.25,28,22,27.45
C002869,VIDEO,Comedy,Hindi,False,92,92,5599.83,3652.07,32,16,34.78
C002870,VIDEO,Learning,Hindi,False,95,95,4162.73,2629.09,41,16,43.16
C002871,MUSIC,Indie Pop,Hindi,False,77,77,172.87,134.7,32,18,41.56
C002872,VIDEO,Comedy,Spanish,False,80,80,5639.68,4229.76,28,17,35.00
C002873,MUSIC,Classical,English,False,86,86,193.82,135.22,33,14,38.37
C002874,VIDEO,Animation,English,True,75,75,1310.25,1048.2,24,16,32.00
C002875,MUSIC,Jazz,English,False,83,83,211.32,152.76,36,14,43.37
C002876,MUSIC,Devotional,English,False,91,91,220.78,145.57,32,19,35.16
C002877,VIDEO,Thriller,English,False,87,87,4521.25,3118.1,29,17,33.33
C002878,MUSIC,Indie Pop,English,False,88,88,162.05,110.49,24,18,27.27
C002879,MUSIC,Devotional,Bengali,False,99,99,380.33,230.51,41,20,41.41
C002880,MUSIC,Electronic,Spanish,False,91,91,287.15,189.33,29,29,31.87
C002881,MUSIC,Devotional,English,False,88,87,190.65,129.99,36,14,40.91
C002882,PODCAST,Technology,English,False,85,85,4434.07,3129.93,40,24,47.06
C002883,VIDEO,Sports Stories,English,False,77,77,6042.30,4708.29,39,13,50.65
C002884,MUSIC,Folk Fusion,Kannada,False,96,96,186.30,116.44,33,22,34.38
C002885,PODCAST,History,Hindi,False,77,77,1476.17,1150.26,27,17,35.06
C002886,VIDEO,Animation,English,False,106,106,4052.65,2293.95,50,15,47.17
C002887,VIDEO,Learning,English,False,74,74,1102.55,893.96,36,10,48.65
C002888,VIDEO,Sports Stories,Spanish,False,83,83,3617.70,2615.2,26,16,31.33
C002889,VIDEO,Documentary,Hindi,False,72,72,1134.12,945.1,22,14,30.56
C002890,MUSIC,Instrumental,English,True,80,80,312.82,234.61,31,14,38.75
C002891,VIDEO,Learning,Hindi,False,84,84,5275.02,3767.87,34,20,40.48
C002892,VIDEO,Animation,Spanish,False,85,85,4368.05,3083.33,24,22,28.24
C002893,VIDEO,Comedy,English,False,83,83,4498.10,3251.64,31,14,37.35
C002894,MUSIC,Instrumental,English,False,83,83,129.10,93.33,32,16,38.55
C002895,PODCAST,History,Telugu,False,84,84,1727.63,1234.02,37,18,44.05
C002896,VIDEO,Animation,Tamil,False,86,86,4998.83,3487.56,33,15,38.37
C002897,MUSIC,Jazz,Hindi,True,82,82,342.63,250.71,37,14,45.12
C002898,PODCAST,Wellbeing,English,True,70,70,2641.97,2264.54,21,14,30.00
C002899,MUSIC,Devotional,English,False,82,82,332.83,243.54,31,18,37.80
C002900,MUSIC,Classical,English,False,94,94,196.50,125.43,42,16,44.68
C_ORPHAN_000220,,,,,1,1,20.08,1205.0,0,0,0.00
C_ORPHAN_001434,,,,,1,1,3.55,213.0,0,0,0.00
C_ORPHAN_002057,,,,,1,1,42.50,2550.0,0,0,0.00
C_ORPHAN_002510,,,,,1,1,1.98,119.0,0,1,0.00
C_ORPHAN_002580,,,,,1,1,7.15,429.0,0,1,0.00
C_ORPHAN_002614,,,,,1,1,6.07,364.0,1,0,100.00
C_ORPHAN_002683,,,,,1,1,69.00,4140.0,1,0,100.00
C_ORPHAN_002749,,,,,1,1,95.52,5731.0,1,0,100.00
C_ORPHAN_003147,,,,,1,1,26.63,1598.0,0,0,0.00
C_ORPHAN_004332,,,,,1,1,20.45,1227.0,0,0,0.00
C_ORPHAN_005134,,,,,1,1,82.45,4947.0,1,0,100.00
C_ORPHAN_005767,,,,,1,1,5.08,305.0,1,0,100.00
C_ORPHAN_005779,,,,,1,1,52.03,3122.0,1,0,100.00
C_ORPHAN_006549,,,,,1,1,0.58,35.0,0,1,0.00
C_ORPHAN_007426,,,,,1,1,62.23,3734.0,0,0,0.00
C_ORPHAN_007619,,,,,1,1,4.62,277.0,1,0,100.00
C_ORPHAN_007801,,,,,1,1,67.97,4078.0,1,0,100.00
C_ORPHAN_008442,,,,,1,1,19.73,1184.0,0,0,0.00
C_ORPHAN_008668,,,,,1,1,6.35,381.0,1,0,100.00
C_ORPHAN_008935,,,,,1,1,3.03,182.0,1,0,100.00
C_ORPHAN_009495,,,,,1,1,54.28,3257.0,0,0,0.00
C_ORPHAN_009915,,,,,1,1,109.88,6593.0,1,0,100.00
C_ORPHAN_009948,,,,,1,1,5.05,303.0,0,1,0.00
C_ORPHAN_010483,,,,,1,1,5.28,317.0,0,0,0.00
C_ORPHAN_010603,,,,,1,1,3.23,194.0,1,0,100.00
C_ORPHAN_010957,,,,,1,1,40.40,2424.0,1,0,100.00
C_ORPHAN_010963,,,,,1,1,106.40,6384.0,1,0,100.00
C_ORPHAN_010987,,,,,1,1,109.05,6543.0,1,0,100.00
C_ORPHAN_014879,,,,,1,1,8.18,491.0,0,1,0.00
C_ORPHAN_016044,,,,,1,1,0.75,45.0,0,1,0.00
C_ORPHAN_016153,,,,,1,1,5.20,312.0,1,0,100.00
C_ORPHAN_016877,,,,,1,1,3.60,216.0,0,0,0.00
C_ORPHAN_017128,,,,,1,1,4.92,295.0,1,0,100.00
C_ORPHAN_017796,,,,,1,1,107.05,6423.0,1,0,100.00
C_ORPHAN_018158,,,,,1,1,106.23,6374.0,1,0,100.00
C_ORPHAN_018183,,,,,1,1,20.07,1204.0,0,0,0.00
C_ORPHAN_018996,,,,,1,1,21.55,1293.0,1,0,100.00
C_ORPHAN_019064,,,,,1,1,6.55,393.0,0,0,0.00
C_ORPHAN_019471,,,,,1,1,2.60,156.0,0,0,0.00
C_ORPHAN_020642,,,,,1,1,1.82,109.0,0,0,0.00
C_ORPHAN_020650,,,,,1,1,2.90,174.0,0,1,0.00
C_ORPHAN_020971,,,,,1,1,3.53,212.0,1,0,100.00
C_ORPHAN_021313,,,,,1,1,30.80,1848.0,0,0,0.00
C_ORPHAN_022225,,,,,1,1,1.90,114.0,1,0,100.00
C_ORPHAN_022771,,,,,1,1,39.98,2399.0,1,0,100.00
C_ORPHAN_022937,,,,,1,1,17.32,1039.0,0,0,0.00
C_ORPHAN_023986,,,,,1,1,9.98,599.0,0,1,0.00
C_ORPHAN_024476,,,,,1,1,31.67,1900.0,0,0,0.00
C_ORPHAN_024554,,,,,1,1,28.53,1712.0,1,0,100.00
C_ORPHAN_024987,,,,,1,1,20.65,1239.0,0,0,0.00
C_ORPHAN_025113,,,,,1,1,1.65,99.0,0,0,0.00
C_ORPHAN_025242,,,,,1,1,9.70,582.0,0,1,0.00
C_ORPHAN_025622,,,,,1,1,10.73,644.0,0,1,0.00
C_ORPHAN_026518,,,,,1,1,30.07,1804.0,0,0,0.00
C_ORPHAN_027086,,,,,1,1,26.47,1588.0,0,0,0.00
C_ORPHAN_027689,,,,,1,1,5.52,331.0,1,0,100.00
C_ORPHAN_029445,,,,,1,1,1.92,115.0,0,0,0.00
C_ORPHAN_029724,,,,,1,1,1.12,67.0,0,1,0.00
C_ORPHAN_031584,,,,,1,1,2.88,173.0,0,0,0.00
C_ORPHAN_032250,,,,,1,1,77.53,4652.0,1,0,100.00
C_ORPHAN_032356,,,,,1,1,30.33,1820.0,1,0,100.00
C_ORPHAN_032421,,,,,1,1,24.52,1471.0,0,0,0.00
C_ORPHAN_032927,,,,,1,1,7.72,463.0,0,1,0.00
C_ORPHAN_033720,,,,,1,1,9.78,587.0,0,0,0.00
C_ORPHAN_034354,,,,,1,1,18.95,1137.0,0,0,0.00
C_ORPHAN_034652,,,,,1,1,23.20,1392.0,0,0,0.00
C_ORPHAN_035091,,,,,1,1,1.87,112.0,1,0,100.00
C_ORPHAN_037623,,,,,1,1,2.42,145.0,1,0,100.00
C_ORPHAN_037913,,,,,1,1,35.12,2107.0,1,0,100.00
C_ORPHAN_038689,,,,,1,1,92.88,5573.0,1,0,100.00
C_ORPHAN_039029,,,,,1,1,2.97,178.0,0,0,0.00
C_ORPHAN_040043,,,,,1,1,67.82,4069.0,0,0,0.00
C_ORPHAN_040370,,,,,1,1,3.17,190.0,1,0,100.00
C_ORPHAN_041494,,,,,1,1,0.35,21.0,0,1,0.00
C_ORPHAN_042726,,,,,1,1,9.30,558.0,0,1,0.00
C_ORPHAN_042969,,,,,1,1,2.17,130.0,0,0,0.00
C_ORPHAN_043000,,,,,1,1,0.78,47.0,0,0,0.00
C_ORPHAN_043218,,,,,1,1,3.55,213.0,0,0,0.00
C_ORPHAN_043482,,,,,1,1,65.45,3927.0,1,0,100.00
C_ORPHAN_043552,,,,,1,1,2.68,161.0,1,0,100.00
C_ORPHAN_043588,,,,,1,1,0.30,18.0,0,1,0.00
C_ORPHAN_043656,,,,,1,1,3.12,187.0,0,1,0.00
C_ORPHAN_044139,,,,,1,1,31.52,1891.0,1,0,100.00
C_ORPHAN_044589,,,,,1,1,1.33,80.0,0,1,0.00
C_ORPHAN_044856,,,,,1,1,4.05,243.0,0,0,0.00
C_ORPHAN_045757,,,,,1,1,42.65,2559.0,0,0,0.00
C_ORPHAN_046396,,,,,1,1,24.53,1472.0,1,0,100.00
C_ORPHAN_047683,,,,,1,1,33.65,2019.0,0,0,0.00
C_ORPHAN_048019,,,,,1,1,2.73,164.0,0,1,0.00
C_ORPHAN_048324,,,,,1,1,18.57,1114.0,0,0,0.00
C_ORPHAN_049537,,,,,1,1,2.10,126.0,1,0,100.00
C_ORPHAN_050607,,,,,1,1,53.82,3229.0,0,0,0.00
C_ORPHAN_051037,,,,,1,1,57.32,3439.0,0,0,0.00
C_ORPHAN_051243,,,,,1,1,18.52,1111.0,0,0,0.00
C_ORPHAN_053316,,,,,1,1,52.65,3159.0,0,0,0.00
C_ORPHAN_053775,,,,,1,1,40.80,2448.0,0,0,0.00
C_ORPHAN_054039,,,,,1,1,1.13,68.0,0,0,0.00
C_ORPHAN_054089,,,,,1,1,0.40,24.0,0,1,0.00
C_ORPHAN_054477,,,,,1,1,19.85,1191.0,0,1,0.00
C_ORPHAN_054752,,,,,1,1,85.45,5127.0,1,0,100.00
C_ORPHAN_054848,,,,,1,1,30.60,1836.0,0,0,0.00
C_ORPHAN_055468,,,,,1,1,106.05,6363.0,1,0,100.00
C_ORPHAN_055793,,,,,1,1,3.18,191.0,0,0,0.00
C_ORPHAN_055846,,,,,1,1,5.77,346.0,1,0,100.00
C_ORPHAN_057284,,,,,1,1,81.00,4860.0,1,0,100.00
C_ORPHAN_058122,,,,,1,1,2.05,123.0,1,0,100.00
C_ORPHAN_058301,,,,,1,1,3.17,190.0,1,0,100.00
C_ORPHAN_058737,,,,,1,1,4.53,272.0,1,0,100.00
C_ORPHAN_058973,,,,,1,1,1.43,86.0,0,0,0.00
C_ORPHAN_059739,,,,,1,1,65.22,3913.0,1,0,100.00
C_ORPHAN_062570,,,,,1,1,0.10,6.0,0,1,0.00
C_ORPHAN_062876,,,,,1,1,47.18,2831.0,0,0,0.00
C_ORPHAN_063016,,,,,1,1,53.15,3189.0,1,0,100.00
C_ORPHAN_063250,,,,,1,1,2.02,121.0,1,0,100.00
C_ORPHAN_064449,,,,,1,1,1.12,67.0,0,0,0.00
C_ORPHAN_064613,,,,,1,1,17.78,1067.0,0,0,0.00
C_ORPHAN_065276,,,,,1,1,8.68,521.0,0,1,0.00
C_ORPHAN_065592,,,,,1,1,0.87,52.0,0,1,0.00
C_ORPHAN_065632,,,,,1,1,59.88,3593.0,0,0,0.00
C_ORPHAN_066627,,,,,1,1,6.48,389.0,1,0,100.00
C_ORPHAN_067068,,,,,1,1,23.32,1399.0,0,0,0.00
C_ORPHAN_068352,,,,,1,1,1.57,94.0,0,0,0.00
C_ORPHAN_068927,,,,,1,1,0.93,56.0,0,0,0.00
C_ORPHAN_070024,,,,,1,1,109.08,6545.0,1,0,100.00
C_ORPHAN_071166,,,,,1,1,1.03,62.0,0,0,0.00
C_ORPHAN_071711,,,,,1,1,73.78,4427.0,1,0,100.00
C_ORPHAN_072078,,,,,1,1,95.47,5728.0,1,0,100.00
C_ORPHAN_072081,,,,,1,1,33.42,2005.0,0,0,0.00
C_ORPHAN_072921,,,,,1,1,5.23,314.0,0,1,0.00
C_ORPHAN_073464,,,,,1,1,3.13,188.0,0,0,0.00
C_ORPHAN_073968,,,,,1,1,23.57,1414.0,0,0,0.00
C_ORPHAN_074616,,,,,1,1,113.10,6786.0,1,0,100.00
C_ORPHAN_075081,,,,,1,1,4.55,273.0,1,0,100.00
C_ORPHAN_075325,,,,,1,1,7.73,464.0,0,1,0.00
C_ORPHAN_075996,,,,,1,1,45.22,2713.0,1,0,100.00
C_ORPHAN_076160,,,,,1,1,11.80,708.0,1,0,100.00
C_ORPHAN_076613,,,,,1,1,29.07,1744.0,0,0,0.00
C_ORPHAN_076864,,,,,1,1,32.98,1979.0,0,0,0.00
C_ORPHAN_076920,,,,,1,1,11.25,675.0,0,0,0.00
C_ORPHAN_077048,,,,,1,1,0.47,28.0,0,1,0.00
C_ORPHAN_077306,,,,,1,1,103.95,6237.0,1,0,100.00
C_ORPHAN_077907,,,,,1,1,4.05,243.0,1,0,100.00
C_ORPHAN_078345,,,,,1,1,1.68,101.0,0,0,0.00
C_ORPHAN_078725,,,,,1,1,15.53,932.0,0,0,0.00
C_ORPHAN_080294,,,,,1,1,2.52,151.0,0,1,0.00
C_ORPHAN_081529,,,,,1,1,6.83,410.0,0,1,0.00
C_ORPHAN_082010,,,,,1,1,41.77,2506.0,0,0,0.00
C_ORPHAN_082608,,,,,1,1,29.82,1789.0,0,0,0.00
C_ORPHAN_082692,,,,,1,1,44.17,2650.0,0,0,0.00
C_ORPHAN_082875,,,,,1,1,93.00,5580.0,1,0,100.00
C_ORPHAN_082937,,,,,1,1,41.75,2505.0,0,0,0.00
C_ORPHAN_083160,,,,,1,1,31.77,1906.0,0,0,0.00
C_ORPHAN_084633,,,,,1,1,17.97,1078.0,0,0,0.00
C_ORPHAN_084761,,,,,1,1,85.03,5102.0,1,0,100.00
C_ORPHAN_085277,,,,,1,1,6.90,414.0,0,0,0.00
C_ORPHAN_085338,,,,,1,1,1.60,96.0,0,1,0.00
C_ORPHAN_086277,,,,,1,1,102.55,6153.0,1,0,100.00
C_ORPHAN_087181,,,,,1,1,10.97,658.0,0,1,0.00
C_ORPHAN_087351,,,,,1,1,20.58,1235.0,0,0,0.00
C_ORPHAN_087680,,,,,1,1,4.17,250.0,0,0,0.00
C_ORPHAN_088282,,,,,1,1,16.12,967.0,0,0,0.00
C_ORPHAN_089152,,,,,1,1,32.57,1954.0,1,0,100.00
C_ORPHAN_090915,,,,,1,1,5.53,332.0,1,0,100.00
C_ORPHAN_091889,,,,,1,1,1.48,89.0,0,0,0.00
C_ORPHAN_092185,,,,,1,1,28.95,1737.0,0,0,0.00
C_ORPHAN_092292,,,,,1,1,2.68,161.0,0,0,0.00
C_ORPHAN_092712,,,,,1,1,34.67,2080.0,0,0,0.00
C_ORPHAN_093135,,,,,1,1,3.02,181.0,0,0,0.00
C_ORPHAN_093574,,,,,1,1,98.17,5890.0,1,0,100.00
C_ORPHAN_093708,,,,,1,1,3.47,208.0,0,0,0.00
C_ORPHAN_094797,,,,,1,1,37.32,2239.0,1,0,100.00
C_ORPHAN_094818,,,,,1,1,46.50,2790.0,0,0,0.00
C_ORPHAN_094848,,,,,1,1,10.17,610.0,0,1,0.00
C_ORPHAN_095085,,,,,1,1,2.93,176.0,0,1,0.00
C_ORPHAN_095415,,,,,1,1,2.38,143.0,0,0,0.00
C_ORPHAN_096675,,,,,1,1,3.82,229.0,0,0,0.00
C_ORPHAN_097210,,,,,1,1,3.58,215.0,0,0,0.00
C_ORPHAN_097828,,,,,1,1,5.20,312.0,1,0,100.00
C_ORPHAN_098014,,,,,1,1,32.78,1967.0,0,0,0.00
C_ORPHAN_098082,,,,,1,1,46.82,2809.0,1,0,100.00
C_ORPHAN_098227,,,,,1,1,1.45,87.0,0,0,0.00
C_ORPHAN_098321,,,,,1,1,26.48,1589.0,0,0,0.00
C_ORPHAN_099491,,,,,1,1,20.32,1219.0,0,0,0.00
C_ORPHAN_099496,,,,,1,1,70.63,4238.0,0,0,0.00
C_ORPHAN_099631,,,,,1,1,43.17,2590.0,0,0,0.00
C_ORPHAN_100037,,,,,1,1,9.57,574.0,0,1,0.00
C_ORPHAN_100779,,,,,1,1,49.95,2997.0,0,0,0.00
C_ORPHAN_100856,,,,,1,1,20.13,1208.0,0,0,0.00
C_ORPHAN_100991,,,,,1,1,22.85,1371.0,1,0,100.00
C_ORPHAN_101116,,,,,1,1,22.70,1362.0,0,0,0.00
C_ORPHAN_101593,,,,,1,1,5.02,301.0,0,1,0.00
C_ORPHAN_102930,,,,,1,1,5.57,334.0,0,0,0.00
C_ORPHAN_103165,,,,,1,1,47.93,2876.0,1,0,100.00
C_ORPHAN_103368,,,,,1,1,1.77,106.0,0,0,0.00
C_ORPHAN_103976,,,,,1,1,15.22,913.0,0,0,0.00
C_ORPHAN_104531,,,,,1,1,60.92,3655.0,0,0,0.00
C_ORPHAN_105835,,,,,1,1,49.50,2970.0,1,0,100.00
C_ORPHAN_105874,,,,,1,1,4.67,280.0,1,0,100.00
C_ORPHAN_106967,,,,,1,1,1.48,89.0,0,0,0.00
C_ORPHAN_107140,,,,,1,1,10.88,653.0,1,0,100.00
C_ORPHAN_107170,,,,,1,1,2.93,176.0,0,1,0.00
C_ORPHAN_107414,,,,,1,1,58.82,3529.0,1,0,100.00
C_ORPHAN_107419,,,,,1,1,53.75,3225.0,1,0,100.00
C_ORPHAN_108296,,,,,1,1,0.95,57.0,0,1,0.00
C_ORPHAN_108610,,,,,1,1,5.05,303.0,1,0,100.00
C_ORPHAN_108661,,,,,1,1,1.27,76.0,0,0,0.00
C_ORPHAN_109242,,,,,1,1,78.70,4722.0,0,0,0.00
C_ORPHAN_109345,,,,,1,1,2.48,149.0,0,0,0.00
C_ORPHAN_109748,,,,,1,1,100.48,6029.0,1,0,100.00
C_ORPHAN_110143,,,,,1,1,16.55,993.0,0,1,0.00
C_ORPHAN_111190,,,,,1,1,8.88,533.0,0,0,0.00
C_ORPHAN_111347,,,,,1,1,1.05,63.0,0,0,0.00
C_ORPHAN_111880,,,,,1,1,4.47,268.0,1,0,100.00
C_ORPHAN_114157,,,,,1,1,3.62,217.0,0,0,0.00
C_ORPHAN_114347,,,,,1,1,3.05,183.0,0,0,0.00
C_ORPHAN_114781,,,,,1,1,5.10,306.0,0,1,0.00
C_ORPHAN_115189,,,,,1,1,3.45,207.0,0,0,0.00
C_ORPHAN_115654,,,,,1,1,6.18,371.0,1,0,100.00
C_ORPHAN_115667,,,,,1,1,3.48,209.0,1,0,100.00
C_ORPHAN_116341,,,,,1,1,4.23,254.0,0,0,0.00
C_ORPHAN_116590,,,,,1,1,1.08,65.0,0,0,0.00
C_ORPHAN_116739,,,,,1,1,2.10,126.0,0,1,0.00
C_ORPHAN_117159,,,,,1,1,1.82,109.0,0,0,0.00
C_ORPHAN_118389,,,,,1,1,29.37,1762.0,1,0,100.00
C_ORPHAN_118750,,,,,1,1,6.23,374.0,1,0,100.00
C_ORPHAN_118819,,,,,1,1,1.03,62.0,0,0,0.00
C_ORPHAN_119748,,,,,1,1,5.70,342.0,1,0,100.00
C_ORPHAN_119860,,,,,1,1,36.13,2168.0,1,0,100.00
C_ORPHAN_120706,,,,,1,1,4.25,255.0,0,1,0.00
C_ORPHAN_121897,,,,,1,1,12.90,774.0,0,0,0.00
C_ORPHAN_122676,,,,,1,1,41.92,2515.0,0,0,0.00
C_ORPHAN_122776,,,,,1,1,103.95,6237.0,1,0,100.00
C_ORPHAN_122779,,,,,1,1,7.43,446.0,0,1,0.00
C_ORPHAN_123343,,,,,1,1,2.88,173.0,0,0,0.00
C_ORPHAN_123380,,,,,1,1,1.93,116.0,1,0,100.00
C_ORPHAN_123593,,,,,1,1,3.50,210.0,0,1,0.00
C_ORPHAN_124007,,,,,1,1,20.13,1208.0,1,0,100.00
C_ORPHAN_124951,,,,,1,1,2.10,126.0,0,0,0.00
C_ORPHAN_125616,,,,,1,1,4.47,268.0,0,0,0.00
C_ORPHAN_125832,,,,,1,1,4.53,272.0,1,0,100.00
C_ORPHAN_126285,,,,,1,1,40.45,2427.0,0,0,0.00
C_ORPHAN_126670,,,,,1,1,5.77,346.0,1,0,100.00
C_ORPHAN_127528,,,,,1,1,19.78,1187.0,0,0,0.00
C_ORPHAN_127881,,,,,1,1,0.20,12.0,0,1,0.00
C_ORPHAN_128041,,,,,1,1,0.97,58.0,0,0,0.00
C_ORPHAN_128204,,,,,1,1,0.83,50.0,0,0,0.00
C_ORPHAN_128758,,,,,1,1,31.85,1911.0,0,0,0.00
C_ORPHAN_129472,,,,,1,1,5.53,332.0,0,1,0.00
C_ORPHAN_129744,,,,,1,1,5.50,330.0,0,1,0.00
C_ORPHAN_130925,,,,,1,1,3.02,181.0,1,0,100.00
C_ORPHAN_131286,,,,,1,1,3.72,223.0,1,0,100.00
C_ORPHAN_131288,,,,,1,1,9.03,542.0,0,0,0.00
C_ORPHAN_131865,,,,,1,1,41.25,2475.0,0,0,0.00
C_ORPHAN_132089,,,,,1,1,26.28,1577.0,1,0,100.00
C_ORPHAN_132153,,,,,1,1,5.97,358.0,1,0,100.00
C_ORPHAN_132657,,,,,1,1,0.23,14.0,0,1,0.00
C_ORPHAN_132945,,,,,1,1,0.73,44.0,0,0,0.00
C_ORPHAN_133322,,,,,1,1,106.47,6388.0,1,0,100.00
C_ORPHAN_133362,,,,,1,1,0.28,17.0,0,1,0.00
C_ORPHAN_133750,,,,,1,1,1.05,63.0,0,1,0.00
C_ORPHAN_135041,,,,,1,1,37.77,2266.0,0,0,0.00
C_ORPHAN_135342,,,,,1,1,0.45,27.0,0,1,0.00
C_ORPHAN_135946,,,,,1,1,1.77,106.0,0,0,0.00
C_ORPHAN_136884,,,,,1,1,2.30,138.0,1,0,100.00
C_ORPHAN_137105,,,,,1,1,26.25,1575.0,1,0,100.00
C_ORPHAN_137704,,,,,1,1,1.73,104.0,0,1,0.00
C_ORPHAN_138547,,,,,1,1,4.60,276.0,0,1,0.00
C_ORPHAN_138698,,,,,1,1,1.22,73.0,0,1,0.00
C_ORPHAN_139581,,,,,1,1,5.67,340.0,1,0,100.00
C_ORPHAN_140592,,,,,1,1,63.18,3791.0,1,0,100.00
C_ORPHAN_140595,,,,,1,1,34.53,2072.0,0,0,0.00
C_ORPHAN_141493,,,,,1,1,15.53,932.0,0,1,0.00
C_ORPHAN_142384,,,,,1,1,5.55,333.0,0,1,0.00
C_ORPHAN_142386,,,,,1,1,42.38,2543.0,1,0,100.00
C_ORPHAN_142595,,,,,1,1,1.28,77.0,0,0,0.00
C_ORPHAN_143537,,,,,1,1,30.32,1819.0,0,0,0.00
C_ORPHAN_143721,,,,,1,1,3.53,212.0,0,0,0.00
C_ORPHAN_144377,,,,,1,1,4.83,290.0,1,0,100.00
C_ORPHAN_146223,,,,,1,1,6.45,387.0,1,0,100.00
C_ORPHAN_146335,,,,,1,1,23.18,1391.0,0,0,0.00
C_ORPHAN_146918,,,,,1,1,3.13,188.0,0,0,0.00
C_ORPHAN_146932,,,,,1,1,67.87,4072.0,0,0,0.00
C_ORPHAN_147517,,,,,1,1,14.55,873.0,0,0,0.00
C_ORPHAN_147733,,,,,1,1,2.75,165.0,0,0,0.00
C_ORPHAN_147782,,,,,1,1,2.75,165.0,0,1,0.00
C_ORPHAN_148029,,,,,1,1,2.83,170.0,0,0,0.00
C_ORPHAN_148103,,,,,1,1,1.88,113.0,0,1,0.00
C_ORPHAN_148244,,,,,1,1,1.82,109.0,0,0,0.00
C_ORPHAN_148833,,,,,1,1,0.55,33.0,0,0,0.00
C_ORPHAN_148884,,,,,1,1,87.47,5248.0,1,0,100.00
C_ORPHAN_149231,,,,,1,1,3.03,182.0,0,0,0.00
C_ORPHAN_149286,,,,,1,1,31.62,1897.0,0,0,0.00
C_ORPHAN_149374,,,,,1,1,37.77,2266.0,1,0,100.00
C_ORPHAN_149838,,,,,1,1,3.42,205.0,0,0,0.00
C_ORPHAN_150072,,,,,1,1,2.30,138.0,0,0,0.00
C_ORPHAN_150215,,,,,1,1,2.87,172.0,0,0,0.00
C_ORPHAN_150552,,,,,1,1,90.17,5410.0,1,0,100.00
C_ORPHAN_152885,,,,,1,1,26.05,1563.0,1,0,100.00
C_ORPHAN_153201,,,,,1,1,110.55,6633.0,1,0,100.00
C_ORPHAN_153665,,,,,1,1,0.53,32.0,0,1,0.00
C_ORPHAN_153973,,,,,1,1,35.67,2140.0,0,0,0.00
C_ORPHAN_154656,,,,,1,1,35.90,2154.0,1,0,100.00
C_ORPHAN_154679,,,,,1,1,0.67,40.0,0,1,0.00
C_ORPHAN_155086,,,,,1,1,1.72,103.0,0,1,0.00
C_ORPHAN_155201,,,,,1,1,15.98,959.0,0,0,0.00
C_ORPHAN_155535,,,,,1,1,23.70,1422.0,0,0,0.00
C_ORPHAN_156959,,,,,1,1,102.35,6141.0,1,0,100.00
C_ORPHAN_157986,,,,,1,1,4.95,297.0,0,0,0.00
C_ORPHAN_158368,,,,,1,1,1.22,73.0,0,0,0.00
C_ORPHAN_158722,,,,,1,1,39.58,2375.0,1,0,100.00
C_ORPHAN_158932,,,,,1,1,6.33,380.0,0,1,0.00
C_ORPHAN_159181,,,,,1,1,2.48,149.0,0,0,0.00
C_ORPHAN_159573,,,,,1,1,48.35,2901.0,1,0,100.00
C_ORPHAN_160106,,,,,1,1,2.67,160.0,1,0,100.00
C_ORPHAN_160249,,,,,1,1,6.78,407.0,1,0,100.00
C_ORPHAN_160615,,,,,1,1,14.58,875.0,0,0,0.00
C_ORPHAN_161472,,,,,1,1,59.95,3597.0,0,0,0.00
C_ORPHAN_162326,,,,,1,1,4.17,250.0,1,0,100.00
C_ORPHAN_162540,,,,,1,1,56.05,3363.0,0,0,0.00
C_ORPHAN_162710,,,,,1,1,1.00,60.0,0,0,0.00
C_ORPHAN_163676,,,,,1,1,43.63,2618.0,0,0,0.00
C_ORPHAN_163828,,,,,1,1,10.35,621.0,0,0,0.00
C_ORPHAN_164078,,,,,1,1,13.10,786.0,0,0,0.00
C_ORPHAN_165113,,,,,1,1,7.00,420.0,0,1,0.00
C_ORPHAN_165194,,,,,1,1,51.98,3119.0,1,0,100.00
C_ORPHAN_165812,,,,,1,1,40.82,2449.0,1,0,100.00
C_ORPHAN_166518,,,,,1,1,1.83,110.0,0,0,0.00
C_ORPHAN_166691,,,,,1,1,6.05,363.0,1,0,100.00
C_ORPHAN_166830,,,,,1,1,2.65,159.0,1,0,100.00
C_ORPHAN_168182,,,,,1,1,97.42,5845.0,1,0,100.00
C_ORPHAN_168963,,,,,1,1,8.40,504.0,0,1,0.00
C_ORPHAN_169264,,,,,1,1,5.55,333.0,1,0,100.00
C_ORPHAN_169827,,,,,1,1,43.35,2601.0,0,0,0.00
C_ORPHAN_170164,,,,,1,1,2.05,123.0,0,1,0.00
C_ORPHAN_170404,,,,,1,1,0.58,35.0,0,1,0.00
C_ORPHAN_170667,,,,,1,1,4.20,252.0,1,0,100.00
C_ORPHAN_170887,,,,,1,1,93.75,5625.0,0,0,0.00
C_ORPHAN_171407,,,,,1,1,29.38,1763.0,0,0,0.00
C_ORPHAN_171728,,,,,1,1,0.52,31.0,0,1,0.00
C_ORPHAN_171935,,,,,1,1,1.23,74.0,0,0,0.00
C_ORPHAN_172513,,,,,1,1,30.58,1835.0,1,0,100.00
C_ORPHAN_172881,,,,,1,1,3.73,224.0,0,0,0.00
C_ORPHAN_173329,,,,,1,1,80.63,4838.0,1,0,100.00
C_ORPHAN_173396,,,,,1,1,5.13,308.0,0,1,0.00
C_ORPHAN_173552,,,,,1,1,10.15,609.0,0,0,0.00
C_ORPHAN_173565,,,,,1,1,2.40,144.0,0,1,0.00
C_ORPHAN_173841,,,,,1,1,88.50,5310.0,1,0,100.00
C_ORPHAN_173941,,,,,1,1,2.37,142.0,1,0,100.00
C_ORPHAN_174258,,,,,1,1,1.17,70.0,0,0,0.00
C_ORPHAN_174740,,,,,1,1,5.70,342.0,1,0,100.00
C_ORPHAN_174942,,,,,1,1,5.62,337.0,1,0,100.00
C_ORPHAN_175218,,,,,1,1,18.73,1124.0,0,1,0.00
C_ORPHAN_175261,,,,,1,1,61.50,3690.0,0,0,0.00
C_ORPHAN_176076,,,,,1,1,2.35,141.0,0,0,0.00
C_ORPHAN_176496,,,,,1,1,3.83,230.0,1,0,100.00
C_ORPHAN_176721,,,,,1,1,40.52,2431.0,1,0,100.00
C_ORPHAN_176959,,,,,1,1,28.83,1730.0,0,0,0.00
C_ORPHAN_177764,,,,,1,1,3.68,221.0,1,0,100.00
C_ORPHAN_177851,,,,,1,1,1.93,116.0,0,0,0.00
C_ORPHAN_177978,,,,,1,1,41.87,2512.0,1,0,100.00
C_ORPHAN_178842,,,,,1,1,3.98,239.0,0,0,0.00
C_ORPHAN_179207,,,,,1,1,1.97,118.0,0,0,0.00
C_ORPHAN_180342,,,,,1,1,4.33,260.0,0,0,0.00
C_ORPHAN_180561,,,,,1,1,9.48,569.0,0,0,0.00
C_ORPHAN_181723,,,,,1,1,53.65,3219.0,0,0,0.00
C_ORPHAN_182587,,,,,1,1,4.40,264.0,1,0,100.00
C_ORPHAN_182884,,,,,1,1,58.10,3486.0,1,0,100.00
C_ORPHAN_183732,,,,,1,1,4.67,280.0,0,1,0.00
C_ORPHAN_184252,,,,,1,1,0.07,4.0,0,1,0.00
C_ORPHAN_184474,,,,,1,1,38.53,2312.0,0,0,0.00
C_ORPHAN_184633,,,,,1,1,76.58,4595.0,1,0,100.00
C_ORPHAN_184850,,,,,1,1,26.17,1570.0,0,0,0.00
C_ORPHAN_186207,,,,,1,1,11.75,705.0,0,0,0.00
C_ORPHAN_186305,,,,,1,1,5.58,335.0,1,0,100.00
C_ORPHAN_186346,,,,,1,1,50.42,3025.0,1,0,100.00
C_ORPHAN_186564,,,,,1,1,54.97,3298.0,0,0,0.00
C_ORPHAN_186656,,,,,1,1,19.58,1175.0,1,0,100.00
C_ORPHAN_187663,,,,,1,1,1.33,80.0,0,0,0.00
C_ORPHAN_189102,,,,,1,1,30.93,1856.0,0,0,0.00
C_ORPHAN_189784,,,,,1,1,6.85,411.0,0,0,0.00
C_ORPHAN_190551,,,,,1,1,86.77,5206.0,1,0,100.00
C_ORPHAN_191401,,,,,1,1,1.87,112.0,0,0,0.00
C_ORPHAN_192597,,,,,1,1,25.00,1500.0,1,0,100.00
C_ORPHAN_193273,,,,,1,1,5.05,303.0,1,0,100.00
C_ORPHAN_193296,,,,,1,1,1.22,73.0,0,0,0.00
C_ORPHAN_193656,,,,,1,1,76.43,4586.0,0,0,0.00
C_ORPHAN_193831,,,,,1,1,9.95,597.0,0,1,0.00
C_ORPHAN_194452,,,,,1,1,0.48,29.0,0,1,0.00
C_ORPHAN_194563,,,,,1,1,9.98,599.0,1,0,100.00
C_ORPHAN_195356,,,,,1,1,18.88,1133.0,0,0,0.00
C_ORPHAN_196216,,,,,1,1,0.45,27.0,0,1,0.00
C_ORPHAN_196304,,,,,1,1,0.43,26.0,0,1,0.00
C_ORPHAN_196542,,,,,1,1,4.30,258.0,1,0,100.00
C_ORPHAN_196638,,,,,1,1,4.70,282.0,0,1,0.00
C_ORPHAN_197121,,,,,1,1,19.90,1194.0,0,0,0.00
C_ORPHAN_197601,,,,,1,1,2.20,132.0,1,0,100.00
C_ORPHAN_197782,,,,,1,1,15.02,901.0,0,0,0.00
C_ORPHAN_198484,,,,,1,1,0.97,58.0,0,0,0.00
C_ORPHAN_198617,,,,,1,1,4.80,288.0,0,0,0.00
C_ORPHAN_199206,,,,,1,1,2.37,142.0,1,0,100.00
C_ORPHAN_199550,,,,,1,1,74.80,4488.0,0,0,0.00
C_ORPHAN_199680,,,,,1,1,3.30,198.0,0,0,0.00
C_ORPHAN_200028,,,,,1,1,12.30,738.0,0,0,0.00
C_ORPHAN_200071,,,,,1,1,2.53,152.0,0,0,0.00
C_ORPHAN_200930,,,,,1,1,2.43,146.0,0,0,0.00
C_ORPHAN_201039,,,,,1,1,12.63,758.0,0,0,0.00
C_ORPHAN_201353,,,,,1,1,50.60,3036.0,1,0,100.00
C_ORPHAN_201362,,,,,1,1,24.38,1463.0,1,0,100.00
C_ORPHAN_202382,,,,,1,1,43.32,2599.0,0,0,0.00
C_ORPHAN_202608,,,,,1,1,53.05,3183.0,1,0,100.00
C_ORPHAN_202795,,,,,1,1,3.38,203.0,1,0,100.00
C_ORPHAN_203230,,,,,1,1,2.35,141.0,1,0,100.00
C_ORPHAN_203737,,,,,1,1,4.55,273.0,0,1,0.00
C_ORPHAN_204799,,,,,1,1,5.67,340.0,1,0,100.00
C_ORPHAN_204826,,,,,1,1,4.73,284.0,0,0,0.00
C_ORPHAN_205289,,,,,1,1,0.17,10.0,0,1,0.00
C_ORPHAN_206148,,,,,1,1,116.28,6977.0,1,0,100.00
C_ORPHAN_206284,,,,,1,1,2.40,144.0,0,0,0.00
C_ORPHAN_206827,,,,,1,1,34.05,2043.0,0,0,0.00
C_ORPHAN_207728,,,,,1,1,13.77,826.0,0,0,0.00
C_ORPHAN_208690,,,,,1,1,3.48,209.0,1,0,100.00
C_ORPHAN_209114,,,,,1,1,69.97,4198.0,1,0,100.00
C_ORPHAN_209511,,,,,1,1,67.43,4046.0,0,0,0.00
C_ORPHAN_209600,,,,,1,1,41.92,2515.0,1,0,100.00
C_ORPHAN_211198,,,,,1,1,3.77,226.0,1,0,100.00
C_ORPHAN_211281,,,,,1,1,1.80,108.0,0,1,0.00
C_ORPHAN_211818,,,,,1,1,5.73,344.0,1,0,100.00
C_ORPHAN_212189,,,,,1,1,4.93,296.0,1,0,100.00
C_ORPHAN_212554,,,,,1,1,2.20,132.0,0,1,0.00
C_ORPHAN_213829,,,,,1,1,2.85,171.0,0,1,0.00
C_ORPHAN_214194,,,,,1,1,40.27,2416.0,1,0,100.00
C_ORPHAN_215099,,,,,1,1,8.10,486.0,0,0,0.00
C_ORPHAN_215180,,,,,1,1,7.98,479.0,0,1,0.00
C_ORPHAN_215534,,,,,1,1,4.40,264.0,0,0,0.00
C_ORPHAN_216361,,,,,1,1,2.22,133.0,0,0,0.00
C_ORPHAN_216984,,,,,1,1,6.35,381.0,1,0,100.00
C_ORPHAN_217086,,,,,1,1,27.13,1628.0,1,0,100.00
C_ORPHAN_217970,,,,,1,1,2.60,156.0,0,0,0.00
C_ORPHAN_218262,,,,,1,1,67.57,4054.0,1,0,100.00
C_ORPHAN_218278,,,,,1,1,3.65,219.0,1,0,100.00
C_ORPHAN_218667,,,,,1,1,0.22,13.0,0,1,0.00
C_ORPHAN_220108,,,,,1,1,0.95,57.0,0,1,0.00
C_ORPHAN_220335,,,,,1,1,1.48,89.0,0,0,0.00
C_ORPHAN_220373,,,,,1,1,1.07,64.0,0,0,0.00
C_ORPHAN_220436,,,,,1,1,37.47,2248.0,0,0,0.00
C_ORPHAN_221284,,,,,1,1,42.27,2536.0,1,0,100.00
C_ORPHAN_221715,,,,,1,1,0.18,11.0,0,1,0.00
C_ORPHAN_221972,,,,,1,1,81.43,4886.0,1,0,100.00
C_ORPHAN_222031,,,,,1,1,2.40,144.0,1,0,100.00
C_ORPHAN_222103,,,,,1,1,11.12,667.0,0,0,0.00
C_ORPHAN_222141,,,,,1,1,30.12,1807.0,0,0,0.00
C_ORPHAN_222322,,,,,1,1,2.48,149.0,1,0,100.00
C_ORPHAN_223640,,,,,1,1,16.22,973.0,0,0,0.00
C_ORPHAN_224175,,,,,1,1,54.33,3260.0,0,0,0.00
C_ORPHAN_224418,,,,,1,1,68.60,4116.0,1,0,100.00
C_ORPHAN_225792,,,,,1,1,24.90,1494.0,1,0,100.00
C_ORPHAN_225882,,,,,1,1,3.85,231.0,1,0,100.00
C_ORPHAN_226214,,,,,1,1,16.12,967.0,0,1,0.00
C_ORPHAN_227095,,,,,1,1,9.28,557.0,0,0,0.00
C_ORPHAN_228005,,,,,1,1,3.63,218.0,1,0,100.00
C_ORPHAN_228969,,,,,1,1,31.95,1917.0,1,0,100.00
C_ORPHAN_229166,,,,,1,1,4.33,260.0,0,1,0.00
C_ORPHAN_230181,,,,,1,1,55.60,3336.0,0,0,0.00
C_ORPHAN_230975,,,,,1,1,61.02,3661.0,1,0,100.00
C_ORPHAN_230984,,,,,1,1,1.15,69.0,0,0,0.00
C_ORPHAN_231568,,,,,1,1,6.30,378.0,0,1,0.00
C_ORPHAN_232143,,,,,1,1,8.57,514.0,0,0,0.00
C_ORPHAN_233282,,,,,1,1,85.27,5116.0,0,0,0.00
C_ORPHAN_233995,,,,,1,1,41.23,2474.0,0,0,0.00
C_ORPHAN_235058,,,,,1,1,2.93,176.0,0,1,0.00
C_ORPHAN_235520,,,,,1,1,85.40,5124.0,1,0,100.00
C_ORPHAN_236301,,,,,1,1,5.97,358.0,0,0,0.00
C_ORPHAN_236346,,,,,1,1,24.25,1455.0,0,0,0.00
C_ORPHAN_236395,,,,,1,1,4.12,247.0,0,0,0.00
C_ORPHAN_236429,,,,,1,1,4.62,277.0,1,0,100.00
C_ORPHAN_236666,,,,,1,1,1.67,100.0,0,0,0.00
C_ORPHAN_236671,,,,,1,1,0.90,54.0,0,0,0.00
C_ORPHAN_236884,,,,,1,1,4.70,282.0,0,0,0.00
C_ORPHAN_236901,,,,,1,1,65.37,3922.0,1,0,100.00
C_ORPHAN_237008,,,,,1,1,40.90,2454.0,1,0,100.00
C_ORPHAN_237094,,,,,1,1,76.35,4581.0,1,0,100.00
C_ORPHAN_237475,,,,,1,1,31.53,1892.0,0,0,0.00
C_ORPHAN_237946,,,,,1,1,3.45,207.0,0,1,0.00
C_ORPHAN_238028,,,,,1,1,3.27,196.0,0,0,0.00
C_ORPHAN_238580,,,,,1,1,2.13,128.0,0,0,0.00
C_ORPHAN_239061,,,,,1,1,64.70,3882.0,0,0,0.00
C_ORPHAN_239494,,,,,1,1,30.92,1855.0,1,0,100.00
C_ORPHAN_240168,,,,,1,1,0.12,7.0,0,1,0.00
C_ORPHAN_240441,,,,,1,1,37.02,2221.0,1,0,100.00
C_ORPHAN_240612,,,,,1,1,1.15,69.0,0,0,0.00
C_ORPHAN_240632,,,,,1,1,113.02,6781.0,1,0,100.00
C_ORPHAN_242793,,,,,1,1,4.30,258.0,1,0,100.00
C_ORPHAN_243215,,,,,1,1,4.63,278.0,1,0,100.00
C_ORPHAN_245789,,,,,1,1,20.98,1259.0,0,0,0.00
C_ORPHAN_246102,,,,,1,1,101.65,6099.0,1,0,100.00
C_ORPHAN_247179,,,,,1,1,96.73,5804.0,1,0,100.00
C_ORPHAN_247392,,,,,1,1,29.97,1798.0,1,0,100.00
C_ORPHAN_248471,,,,,1,1,5.77,346.0,1,0,100.00
C_ORPHAN_249290,,,,,1,1,47.10,2826.0,0,0,0.00
C_ORPHAN_249757,,,,,1,1,50.17,3010.0,1,0,100.00
